Single Image Frame,x00,y00,z00,x01,y01,z01,x02,y02,z02,x03,y03,z03,x04,y04,z04,x05,y05,z05,x06,y06,z06,x07,y07,z07,x08,y08,z08,x09,y09,z09,x10,y10,z10,x11,y11,z11,x12,y12,z12,x13,y13,z13,x14,y14,z14,x15,y15,z15,x16,y16,z16,x17,y17,z17,x18,y18,z18,x19,y19,z19,x20,y20,z20,Label
C:\Thesis\Hand Detection\Nahar\Sign 6\Image frames\Sign_6 - Frame (1).jpg,0.4632744491,0.6805946231,-4.96E-05,0.401923418,0.5632245541,-0.09315302968,0.3993316293,0.4499908686,-0.1748975068,0.410948813,0.3483975232,-0.2435751706,0.4150220156,0.247203052,-0.3081023097,0.5764331222,0.4540144801,-0.2384766936,0.5269409418,0.5188640952,-0.2719278634,0.4781713486,0.5404351354,-0.2220323235,0.4780499339,0.526414752,-0.2032732517,0.6190696359,0.5424777865,-0.2251038551,0.5540390015,0.61597085,-0.2837590873,0.4948189259,0.6190452576,-0.2338237315,0.5005357862,0.5899784565,-0.2072660178,0.6333727241,0.6316140294,-0.2099739015,0.5690620542,0.6985195279,-0.2544249296,0.5069684982,0.6844210625,-0.2001530975,0.5116501451,0.6577136517,-0.1705114096,0.6367174387,0.7145723104,-0.2078826129,0.5865406394,0.7642246485,-0.2418359816,0.5334763527,0.7481631637,-0.2326746583,0.5245101452,0.732039392,-0.2289481163,6
C:\Thesis\Hand Detection\Nahar\Sign 6\Image frames\Sign_6 - Frame (2).jpg,0.4621726871,0.678853035,-4.89E-05,0.3990380168,0.5632517934,-0.1079180837,0.3961106539,0.4503197372,-0.1939705163,0.4062772393,0.3474259973,-0.2640986741,0.4114353359,0.2449699044,-0.3273858428,0.5776447058,0.4585919082,-0.2512298226,0.5342261195,0.5258229375,-0.2874702215,0.4811173975,0.5452103019,-0.2383336872,0.4772992432,0.5301070213,-0.2174022496,0.6181614995,0.5492807627,-0.2306531221,0.559769094,0.6178637743,-0.2998760343,0.4979042411,0.6201989651,-0.2562634945,0.5024197102,0.5925388336,-0.2289716601,0.6303909421,0.6383411884,-0.2077842504,0.5732254386,0.7001184225,-0.2648795843,0.5095170736,0.6869398355,-0.214634046,0.5128472447,0.6615368128,-0.1846720278,0.6319341063,0.7180984616,-0.1988286972,0.5896186829,0.7638576031,-0.2423781902,0.5358620882,0.7496451139,-0.2326862514,0.5257632732,0.737195015,-0.2266522944,6
C:\Thesis\Hand Detection\Nahar\Sign 6\Image frames\Sign_6 - Frame (3).jpg,0.4584450126,0.6890890002,-7.23E-05,0.3924691081,0.5629628301,-0.1053563058,0.3883782923,0.4445362687,-0.1818894297,0.3986468911,0.3346418738,-0.2456331551,0.4091255069,0.2316914499,-0.2957482338,0.5649811029,0.4532842934,-0.1926501989,0.5673556328,0.4813451767,-0.2521297932,0.5040578842,0.5231385827,-0.2128418535,0.4772453904,0.5323820114,-0.1798798293,0.6082955599,0.5430411696,-0.1720195562,0.6037073731,0.5842743516,-0.2713004947,0.5235515833,0.6098698378,-0.2461691052,0.5020892024,0.5985713601,-0.211197719,0.624610424,0.6314056516,-0.1538167745,0.6122989655,0.6740451455,-0.2367944866,0.5331484675,0.6775749922,-0.1929621845,0.5158546567,0.6619262695,-0.1460758448,0.6319781542,0.7106329203,-0.1494035572,0.6136646271,0.7522996664,-0.2038944364,0.5516129732,0.7378959656,-0.1939906329,0.5289902687,0.7208777666,-0.176753968,6
C:\Thesis\Hand Detection\Nahar\Sign 6\Image frames\Sign_6 - Frame (4).jpg,0.4669380784,0.6809701324,-3.34E-05,0.4005255699,0.5574128628,-0.1150732562,0.3955969214,0.4450804591,-0.1966362447,0.4024092555,0.3356713653,-0.2630507052,0.4063544571,0.2261948884,-0.3122410774,0.5704273582,0.4542042017,-0.2269329131,0.5675344467,0.4890953898,-0.2876110375,0.5023329854,0.5243633986,-0.2400142848,0.4768000841,0.5312085748,-0.2018053532,0.6107657552,0.5475077033,-0.2037261724,0.6025947332,0.5873751044,-0.3081395328,0.5233359933,0.6095240712,-0.2763339579,0.506055057,0.5987280607,-0.2388278395,0.624253571,0.6391211748,-0.1818628162,0.6104795933,0.6798221469,-0.2716066837,0.5315674543,0.6822242737,-0.2183273882,0.5173452497,0.6674699783,-0.1678009629,0.6271719933,0.7173519731,-0.1732436866,0.6093544364,0.757625103,-0.229837954,0.5497609377,0.7450873852,-0.2121299654,0.5296404362,0.7332154512,-0.1922250539,6
C:\Thesis\Hand Detection\Nahar\Sign 6\Image frames\Sign_6 - Frame (5).jpg,0.4598069787,0.6843385696,-9.04E-05,0.3947220743,0.5611762404,-0.1060548648,0.3927809596,0.4452074468,-0.1813142747,0.4035354853,0.3347447813,-0.2432885915,0.4086524844,0.2251208723,-0.2909554243,0.5668507814,0.4532443285,-0.1966720074,0.5671383739,0.4827445149,-0.2538823187,0.5045285821,0.5224252939,-0.2119155973,0.4794911146,0.5308548808,-0.1784963906,0.6098371744,0.5451918244,-0.177477479,0.6055042148,0.5803726912,-0.2765446603,0.5263967514,0.6059477329,-0.2527536452,0.506637156,0.5957121253,-0.2206490338,0.625557065,0.6358675957,-0.1597866267,0.6105324626,0.6778143048,-0.243091628,0.5311668515,0.6817647815,-0.1995235085,0.5155417919,0.6650525928,-0.1550228894,0.6310995817,0.7152700424,-0.1552597582,0.6086082458,0.7578692436,-0.2081955075,0.5467619896,0.7440955043,-0.1968172789,0.5253016353,0.7279415727,-0.1810946912,6
C:\Thesis\Hand Detection\Nahar\Sign 6\Image frames\Sign_6 - Frame (6).jpg,0.4630003572,0.6789166927,-4.72E-05,0.4015507698,0.5635415316,-0.1090416536,0.400161922,0.4498465061,-0.1946124434,0.4119325876,0.3455742002,-0.2648964226,0.4197721779,0.2445695698,-0.32615906,0.5747861266,0.4522622526,-0.2363475263,0.5484231114,0.5014332533,-0.2905555069,0.4918506742,0.5308212042,-0.2508419454,0.4776517749,0.525562942,-0.2281848043,0.6178945899,0.5422375202,-0.2180427611,0.5788145661,0.6013444662,-0.305778712,0.5098274946,0.615257144,-0.2723588943,0.504075706,0.5937869549,-0.2442701757,0.6324875951,0.6321536303,-0.1996493787,0.5897101164,0.6905986667,-0.2719344199,0.520013392,0.6841568947,-0.2266612053,0.515273571,0.6604205966,-0.1915553361,0.6359719634,0.7131539583,-0.1951199919,0.599013567,0.760887146,-0.245733723,0.5416769385,0.7471234202,-0.2392106503,0.5260500908,0.7321065068,-0.2317872941,6
C:\Thesis\Hand Detection\Nahar\Sign 6\Image frames\Sign_6 - Frame (7).jpg,0.4626892209,0.6757901311,-4.92E-05,0.4000346661,0.5563263893,-0.1119693071,0.3964458704,0.4486614764,-0.1953091472,0.4058176875,0.3461638093,-0.2657946646,0.4116604626,0.2432277203,-0.326811403,0.5760819316,0.4610341191,-0.2240287662,0.560970366,0.5048359036,-0.2844631076,0.4983643889,0.5366036892,-0.2464110702,0.47813043,0.5375890732,-0.2172840834,0.6163591743,0.5510339737,-0.2026235908,0.5907819271,0.6018192768,-0.2990924716,0.5141645074,0.6158544421,-0.2730558217,0.5024237633,0.5979118943,-0.2439759374,0.6284690499,0.6395289302,-0.1830946803,0.5994754434,0.6892142296,-0.26216501,0.5244697332,0.6839953065,-0.2206830531,0.5153740048,0.6650201082,-0.1833563745,0.6295045614,0.7166672349,-0.1762664914,0.6039425135,0.7621003389,-0.2256480753,0.5449364185,0.7454526424,-0.2145709693,0.5271670818,0.7308092117,-0.2001155615,6
C:\Thesis\Hand Detection\Nahar\Sign 6\Image frames\Sign_6 - Frame (8).jpg,0.4547770023,0.6845469475,-8.82E-05,0.3914772868,0.5680151582,-0.1084962189,0.3907194436,0.4557071924,-0.1808708906,0.3995414972,0.3477426767,-0.240538165,0.4034765065,0.2407796383,-0.2889983654,0.5626799464,0.4633076191,-0.1900104731,0.567576766,0.4898201525,-0.2520355582,0.5033704042,0.5303646922,-0.2134932429,0.4759272933,0.5402885079,-0.1807391495,0.605532527,0.5506526828,-0.1685873568,0.6016241908,0.5850646496,-0.2684769928,0.5210053325,0.612929523,-0.2461995929,0.501286149,0.6048679948,-0.2149086744,0.6209092736,0.6372799277,-0.1495579928,0.6117112637,0.6735218763,-0.2359047383,0.5316376686,0.6802315712,-0.192647934,0.5145011544,0.667778492,-0.1493651271,0.6251552105,0.7119463682,-0.1441634148,0.6120523214,0.7514168024,-0.1968638748,0.5499782562,0.7383936048,-0.1808296591,0.528707087,0.7241480947,-0.1612698883,6
C:\Thesis\Hand Detection\Nahar\Sign 6\Image frames\Sign_6 - Frame (9).jpg,0.4539170861,0.6579625607,-8.84E-05,0.3908683658,0.5497095585,-0.1043294519,0.3911701441,0.4374796152,-0.1795713753,0.4024478793,0.3326885998,-0.2424399555,0.4069319367,0.2312612832,-0.2987785339,0.5603769422,0.4389103949,-0.2060125321,0.5583850145,0.4757265151,-0.2585373521,0.4971700907,0.510209322,-0.2160371691,0.4757865071,0.5116134286,-0.1866656244,0.6033498645,0.5202240944,-0.1869761944,0.5844358206,0.5663758516,-0.2796441019,0.5099434853,0.5888124704,-0.2567579746,0.4996936917,0.5750294924,-0.2296906561,0.618626833,0.6046068668,-0.1695101112,0.5954976082,0.6485843658,-0.2436769903,0.5249558091,0.6519263387,-0.2065619081,0.518096149,0.6361035109,-0.1763839722,0.6234829426,0.6797499061,-0.1649691314,0.599165976,0.7212530375,-0.2116562724,0.5432937145,0.7098696232,-0.2040406018,0.5311238766,0.696595192,-0.1950993389,6
C:\Thesis\Hand Detection\Nahar\Sign 6\Image frames\Sign_6 - Frame (10).jpg,0.4553311467,0.6511848569,-4.52E-05,0.3934143782,0.5421183705,-0.1013389453,0.3922259808,0.4330055714,-0.1769497693,0.4038860202,0.3331138492,-0.239783749,0.4101859331,0.2377880514,-0.2909587324,0.5663123727,0.4335360527,-0.2014556378,0.5512045026,0.4724449515,-0.2528788447,0.493399322,0.5055319667,-0.2144212276,0.4764598608,0.5050213933,-0.1907477081,0.608330071,0.5164186954,-0.1828579903,0.5801799297,0.5625543594,-0.2719590664,0.5089255571,0.5835923553,-0.245558694,0.5022819638,0.5686304569,-0.217518881,0.6226736307,0.6004564166,-0.1662368774,0.590261519,0.6482935548,-0.2395208925,0.5190322399,0.6479097605,-0.1993881017,0.5130923986,0.6292812824,-0.1661506891,0.6270094514,0.6770054698,-0.1626844555,0.5985448956,0.7200247049,-0.210072279,0.541608572,0.7075213194,-0.2053054124,0.5279461145,0.6937429905,-0.1971555352,6
C:\Thesis\Hand Detection\Nahar\Sign 6\Image frames\Sign_6 - Frame (11).jpg,0.4560446143,0.6587918997,-4.17E-05,0.3932278156,0.5474532843,-0.09622811526,0.3919187188,0.4369912148,-0.1711231917,0.4039391279,0.3357082009,-0.2337496579,0.4091833234,0.2369808257,-0.286871016,0.5631430149,0.432307303,-0.1994862705,0.5472400188,0.47161901,-0.2471226305,0.4907994568,0.5068292022,-0.2051126361,0.4736049473,0.5083672404,-0.1775312871,0.6059894562,0.5136328936,-0.1822136492,0.5790598392,0.5609891415,-0.2671862543,0.5084564686,0.585611701,-0.2361840308,0.5005611777,0.5721894503,-0.2045598328,0.6216612458,0.5967835188,-0.1661715508,0.5934463143,0.6423432827,-0.2344417423,0.5220636725,0.646672368,-0.191228658,0.5148671269,0.6311640739,-0.1560499668,0.6280252934,0.6735762358,-0.1628994346,0.6048064828,0.7132995129,-0.2065946609,0.5480229855,0.7041205764,-0.1986211389,0.533118844,0.6931940317,-0.1889337003,6
C:\Thesis\Hand Detection\Nahar\Sign 6\Image frames\Sign_6 - Frame (12).jpg,0.459176302,0.6605095863,-7.65E-05,0.3955988884,0.5475494862,-0.08957713097,0.3901052475,0.4293004572,-0.1593686193,0.3979265988,0.3242973685,-0.2172377855,0.4021937251,0.226205498,-0.2670269608,0.5603991151,0.4344499111,-0.1854493022,0.5498083234,0.4686945975,-0.2316079885,0.4937796593,0.5035054684,-0.1919074357,0.4753204584,0.5060502291,-0.1677967012,0.6055214405,0.5171532035,-0.1693812311,0.5818517804,0.5655124187,-0.2500098348,0.5108486414,0.5864673257,-0.2196561396,0.4975896776,0.5702363253,-0.1893399656,0.6239981651,0.6005704403,-0.154627651,0.5949836373,0.6501193047,-0.2166015208,0.5235859752,0.6503650546,-0.1710398346,0.5129129887,0.6312632561,-0.1327252537,0.6331477165,0.6764925122,-0.1525139064,0.6009389162,0.7234256268,-0.1922556758,0.5434283614,0.709127605,-0.1842051148,0.5272594094,0.6914100647,-0.174749434,6
C:\Thesis\Hand Detection\Nahar\Sign 6\Image frames\Sign_6 - Frame (13).jpg,0.468006134,0.6561812758,-9.84E-05,0.4054023027,0.5454791188,-0.09684007615,0.4013076127,0.4321659505,-0.173161149,0.4094464183,0.3282758594,-0.2358129621,0.4154999256,0.2322860956,-0.2894915938,0.5692691803,0.4348010719,-0.211502701,0.5441511869,0.4784635603,-0.2611882389,0.4922505021,0.5111403465,-0.2248367667,0.4785426855,0.5103185177,-0.2037325799,0.6123288274,0.5191242695,-0.1949844658,0.5777986646,0.5748772621,-0.2732965052,0.5129876137,0.5928155184,-0.242244944,0.5042280555,0.5738834143,-0.2150584161,0.6288115382,0.6050539017,-0.1773323864,0.592045784,0.6604686975,-0.2402409762,0.5251818895,0.6591994762,-0.1958880424,0.5167730451,0.6371597052,-0.1607679576,0.6355148554,0.6844905019,-0.1730659306,0.6009575725,0.7321546674,-0.216653347,0.5452919602,0.7196290493,-0.2093973905,0.5278314352,0.7021155357,-0.2004336119,6
C:\Thesis\Hand Detection\Nahar\Sign 6\Image frames\Sign_6 - Frame (14).jpg,0.4623510838,0.6645510197,-8.92E-05,0.3996212184,0.5544552207,-0.09221703559,0.3982052803,0.437900275,-0.1650474519,0.4082614779,0.3339192867,-0.226785183,0.4122729897,0.2343693674,-0.2810906768,0.5699328184,0.4401475191,-0.1996955723,0.5514287949,0.4792935252,-0.2477771938,0.4953772128,0.5136467218,-0.2034724355,0.4800671339,0.5138592124,-0.1771073788,0.6136170626,0.5237264633,-0.1841585338,0.583925426,0.5723397136,-0.2678594291,0.513228476,0.5934377313,-0.2352528423,0.506079793,0.5768405795,-0.2044160366,0.6296182871,0.6076543927,-0.168797493,0.597397387,0.6557738781,-0.2344948649,0.5265216827,0.6564146876,-0.1848697662,0.5207312107,0.6386739016,-0.1469602287,0.6357709765,0.6847597361,-0.1667939126,0.603253901,0.7291358709,-0.2071650624,0.5463075638,0.7148033381,-0.1964369267,0.5347596407,0.6990360618,-0.1872053742,6
C:\Thesis\Hand Detection\Nahar\Sign 6\Image frames\Sign_6 - Frame (15).jpg,0.4671372771,0.6657077074,-3.24E-05,0.4017623663,0.5471598506,-0.1069740131,0.3973197937,0.4351861477,-0.184486568,0.4062894285,0.3318883777,-0.2493566722,0.4108032286,0.2304996401,-0.3058582544,0.5711584091,0.4371966422,-0.2093470693,0.5667404532,0.4729765952,-0.270519942,0.5057733655,0.5118305683,-0.2356973737,0.4810292423,0.5206264257,-0.20476605,0.6133874655,0.523859024,-0.1879639179,0.600995481,0.5676861405,-0.2829754651,0.5248652697,0.5919578671,-0.260981977,0.5051810145,0.5804290771,-0.231087923,0.6280191541,0.6108808517,-0.1680656374,0.6113635898,0.6542791128,-0.2454911172,0.5367942452,0.6587860584,-0.2071234733,0.5204827785,0.643389225,-0.1676593274,0.6322303414,0.6885235906,-0.1607289165,0.6098875999,0.7302664518,-0.210577786,0.5512316823,0.7192335129,-0.2009699941,0.529838562,0.7052773237,-0.1859747171,6
C:\Thesis\Hand Detection\Nahar\Sign 6\Image frames\Sign_6 - Frame (16).jpg,0.4671185613,0.6547744274,-4.91E-05,0.4042495191,0.5456775427,-0.102509208,0.401884079,0.4378098845,-0.1838882416,0.4106072187,0.3385429978,-0.2514211237,0.4117981791,0.2401298285,-0.314168185,0.5756734014,0.4366278946,-0.2299880981,0.5464716554,0.4956113994,-0.2733791173,0.4924792647,0.5193075538,-0.2311715782,0.4823195338,0.5090970993,-0.2096915394,0.6177303791,0.5221192241,-0.2115985602,0.5750145316,0.5852950811,-0.2872376144,0.5090667009,0.5953665972,-0.2502802908,0.5073039532,0.5712080002,-0.2229163796,0.6319976449,0.6088771224,-0.1918604076,0.5889441967,0.6663544178,-0.2528884411,0.5214980245,0.6594632864,-0.2067198008,0.5192287564,0.6368806362,-0.1753088981,0.6352039576,0.6868051887,-0.1857382506,0.6010625362,0.7326238155,-0.2265562266,0.5460684299,0.7201129794,-0.2167720795,0.5333724618,0.7069946527,-0.2091221958,6
C:\Thesis\Hand Detection\Nahar\Sign 6\Image frames\Sign_6 - Frame (17).jpg,0.4599973559,0.6627920866,-7.42E-05,0.3978687227,0.549575448,-0.09527499974,0.3989839554,0.4348937273,-0.1720242053,0.4112847149,0.3309905827,-0.2337047756,0.4135828018,0.2317954451,-0.2900121212,0.5742688775,0.4353593588,-0.2206925154,0.5390090942,0.4927333295,-0.2522294521,0.4878177643,0.5156484842,-0.204125911,0.4817630053,0.5026966333,-0.1855825335,0.6155151129,0.518846333,-0.2031704038,0.5680932999,0.5784067512,-0.2700780332,0.5051733255,0.5906806588,-0.2308876961,0.5075278878,0.5670760274,-0.2045965344,0.6299955249,0.6031482816,-0.1832103878,0.5837671757,0.6578845978,-0.238125667,0.5181569457,0.6518199444,-0.1915687472,0.5193235874,0.6295847893,-0.1625398695,0.6344097257,0.681090951,-0.1765398383,0.5965682268,0.7230408192,-0.2165516764,0.542380631,0.7097216845,-0.208334893,0.5332715511,0.6960688233,-0.2027138174,6
C:\Thesis\Hand Detection\Nahar\Sign 6\Image frames\Sign_6 - Frame (18).jpg,0.4608245492,0.6532511115,-7.93E-05,0.3967870474,0.546028316,-0.1109906361,0.397124052,0.4340627789,-0.1871626526,0.4050913751,0.3273987472,-0.2505862117,0.4046567678,0.2239064127,-0.3092514277,0.5657997727,0.4388023317,-0.2105662823,0.5568343997,0.4873853326,-0.2695688307,0.4996600747,0.5187303424,-0.2396393269,0.4800900817,0.5177273154,-0.2181064337,0.6083618402,0.5220433474,-0.1890030503,0.5872710347,0.5766707063,-0.2792510092,0.5162698627,0.5941736102,-0.2589422762,0.5039846301,0.5751583576,-0.2361784428,0.6229070425,0.6068723202,-0.1690297723,0.5995998383,0.658952415,-0.2443338186,0.529104054,0.6584373116,-0.2085697651,0.5187938809,0.6380304098,-0.1781481653,0.6246116757,0.6808221936,-0.1624706984,0.6017380357,0.7279191017,-0.2117709219,0.5451921225,0.717218399,-0.2011464089,0.5291284919,0.703251183,-0.189844206,6
C:\Thesis\Hand Detection\Nahar\Sign 6\Image frames\Sign_6 - Frame (19).jpg,0.4628091753,0.6624042988,-4.99E-05,0.3979133368,0.5497161746,-0.1087698564,0.3982838988,0.4336431623,-0.1904589385,0.4095784426,0.3294522166,-0.2585605383,0.411988318,0.2278719842,-0.3217709661,0.5691769123,0.431886524,-0.2218665332,0.557572186,0.4783258438,-0.2765211165,0.4997721016,0.5099810958,-0.2355538011,0.4827144444,0.5071977973,-0.2094931751,0.6122928262,0.5147901773,-0.2030585706,0.5869842172,0.5696547031,-0.2948233485,0.5152357221,0.5886738896,-0.2688637376,0.5073080659,0.5686022639,-0.2427138388,0.6272141933,0.6003624797,-0.1857657284,0.5988944769,0.6528761387,-0.2593431771,0.528177619,0.6531099677,-0.2200766355,0.5229556561,0.6330755353,-0.1904463023,0.6311028004,0.6780448556,-0.1825246513,0.6020570993,0.7239960432,-0.2295467108,0.5462571383,0.7114622593,-0.2238267213,0.5353060365,0.6962336898,-0.2182722837,6
C:\Thesis\Hand Detection\Nahar\Sign 6\Image frames\Sign_6 - Frame (20).jpg,0.4646694064,0.6558838487,-6.95E-05,0.4023143947,0.5435459614,-0.09557503462,0.4029010236,0.4291977882,-0.1715579331,0.4155810475,0.3267433345,-0.2362925261,0.4172379673,0.226595059,-0.2957582176,0.57635355,0.4300374091,-0.212677598,0.5533136725,0.4808700383,-0.2549043596,0.4994238615,0.5086249709,-0.2074831873,0.4893781841,0.5016873479,-0.1839434057,0.6196840405,0.5125123858,-0.1971634179,0.5809912086,0.5703944564,-0.2778366506,0.5137145519,0.585564971,-0.2449810356,0.5123378634,0.5640587211,-0.2170989513,0.6351436377,0.5976361036,-0.1813700497,0.5939173698,0.6555557847,-0.243780002,0.5263966918,0.6520952582,-0.1998203993,0.5259156227,0.6307730675,-0.1695170552,0.640158534,0.6765599847,-0.1786992103,0.6014010906,0.7262456417,-0.2201043516,0.5465990305,0.7122362256,-0.2148637176,0.537963748,0.6967366934,-0.2097861171,6
C:\Thesis\Hand Detection\Nahar\Sign 6\Image frames\Sign_6 - Frame (21).jpg,0.4664085805,0.6610668898,-4.18E-05,0.4048760533,0.5482356548,-0.09734351933,0.4042409062,0.4362257719,-0.1730827242,0.4152558148,0.3344442546,-0.2376558632,0.4191130698,0.2367702425,-0.2931337953,0.5779699683,0.434877634,-0.2087083906,0.5606902838,0.4764416218,-0.2526213825,0.5039788485,0.5049539208,-0.2048547268,0.4902619123,0.5005398393,-0.1777787805,0.6190747023,0.5192279816,-0.192160219,0.5881937146,0.5686787367,-0.2770510912,0.517150104,0.586088419,-0.2442893088,0.5139734149,0.5677426457,-0.2138492018,0.6328734159,0.6049770117,-0.1756541282,0.5996279716,0.6535302401,-0.2438140661,0.5289611816,0.6503794789,-0.1993705481,0.5272545815,0.6311684847,-0.1668173671,0.6380633712,0.6823937297,-0.1725653112,0.6071104407,0.7256240249,-0.2157859355,0.5510756969,0.7106262445,-0.2074009031,0.5418010354,0.695902586,-0.200079143,6
C:\Thesis\Hand Detection\Nahar\Sign 6\Image frames\Sign_6 - Frame (22).jpg,0.4679512382,0.6543900967,-9.92E-05,0.4052724242,0.5479521751,-0.09868869185,0.4073545933,0.4345224798,-0.1737542748,0.4169459343,0.3287149668,-0.2351253927,0.4169809818,0.2270583957,-0.2944029272,0.5809451342,0.439437449,-0.2186062783,0.5490028262,0.5033693314,-0.2511060238,0.4968883097,0.5212182403,-0.2039408833,0.4911243916,0.5041382313,-0.1877243966,0.6226397157,0.5231474638,-0.2005158365,0.572537899,0.5887810588,-0.2705062628,0.509789288,0.5944957137,-0.2312770039,0.5152582526,0.5673188567,-0.2061548084,0.6363078952,0.6079179645,-0.1814094782,0.5873537064,0.6668050885,-0.2403132766,0.5242600441,0.6570869088,-0.192535907,0.5289224982,0.6335527897,-0.1656115204,0.6386365891,0.6831789017,-0.1750040501,0.5994993448,0.7303396463,-0.2183091789,0.5478263497,0.7164738178,-0.2085970342,0.543181181,0.7035988569,-0.2025704384,6
C:\Thesis\Hand Detection\Nahar\Sign 6\Image frames\Sign_6 - Frame (23).jpg,0.4665797055,0.6594660282,-7.37E-05,0.4035512209,0.545075655,-0.1016607806,0.4023093283,0.430385828,-0.1756809354,0.4122480452,0.3254715502,-0.2377183735,0.4136221409,0.2226259708,-0.2945269048,0.5741358995,0.4345964193,-0.2015233487,0.5650988221,0.4759506583,-0.254791975,0.5065209866,0.5105572939,-0.2152449489,0.4869510233,0.5133646727,-0.1875854433,0.6169863939,0.5188196301,-0.1835079044,0.5963751078,0.5678073168,-0.2744922042,0.5222457051,0.5885986686,-0.2498750985,0.5092198849,0.5731924176,-0.2214169055,0.6319668293,0.6040012836,-0.1671264172,0.6084168553,0.6515527368,-0.2418081313,0.5352882743,0.6519144773,-0.2023849487,0.5250303149,0.6342674494,-0.1677597463,0.635846734,0.6792401075,-0.1637738794,0.6096231937,0.7247171402,-0.2113873214,0.5517268777,0.7104899287,-0.2032234967,0.536511302,0.6948186159,-0.1927192062,6
C:\Thesis\Hand Detection\Nahar\Sign 6\Image frames\Sign_6 - Frame (24).jpg,0.4601747692,0.6595773101,-8.60E-05,0.3998516798,0.5527855158,-0.09620513767,0.4041122198,0.4370026886,-0.1706904918,0.4161792696,0.3308420777,-0.2333492339,0.418148607,0.229257524,-0.2946881652,0.5773767233,0.4384505749,-0.2112466693,0.5540098548,0.4961090386,-0.2486057878,0.4998387694,0.5173006654,-0.2015298605,0.4900775254,0.5046936274,-0.1802978516,0.6192131042,0.5200650692,-0.1947541684,0.5759483576,0.5801411271,-0.2722069621,0.5103094578,0.5917832851,-0.2382183224,0.5123545527,0.5696464181,-0.2113125175,0.6329162121,0.6052620411,-0.1779513061,0.5889098048,0.6595489383,-0.2407271415,0.5242050886,0.6551175117,-0.1977345347,0.5273513794,0.6346580982,-0.1718385071,0.6361025572,0.6823824048,-0.1732929051,0.5957573056,0.7273424268,-0.2171780765,0.5440385342,0.7139014006,-0.2090098262,0.5406023264,0.6992247105,-0.2021987885,6
C:\Thesis\Hand Detection\Nahar\Sign 6\Image frames\Sign_6 - Frame (25).jpg,0.4674803615,0.64993155,-7.27E-05,0.4058758914,0.5426347256,-0.1028716117,0.4081529379,0.431107372,-0.179209739,0.416339308,0.3248587847,-0.2424339652,0.4167969823,0.2239789963,-0.3023567796,0.5822407603,0.4337004423,-0.2173439264,0.5549402237,0.4912413359,-0.2580716312,0.4998738766,0.5136082172,-0.2139804512,0.4904787838,0.5009983182,-0.1952897757,0.6242145896,0.5179631114,-0.1990005523,0.580229044,0.5770292878,-0.2777911723,0.5140913129,0.5880162716,-0.2444012016,0.5166751146,0.5637412071,-0.2188303024,0.6376828551,0.6036754251,-0.1805522293,0.5941722989,0.6588811278,-0.2468440235,0.5279039145,0.6524043083,-0.2019583732,0.5300021768,0.62969625,-0.1720923036,0.6387666464,0.6802761555,-0.1746163368,0.6027619839,0.7260459065,-0.2213786989,0.548760891,0.7124071717,-0.2109947652,0.5418165326,0.6983476877,-0.2015002072,6
C:\Thesis\Hand Detection\Nahar\Sign 6\Image frames\Sign_6 - Frame (26).jpg,0.4706453979,0.6596314907,-8.07E-05,0.4066712856,0.5517939925,-0.09432389587,0.4096809626,0.433214128,-0.168519944,0.4220025241,0.3273964524,-0.2292423546,0.4237258434,0.2239515185,-0.289031893,0.5854268074,0.4372267425,-0.2104958594,0.5576975942,0.4992302656,-0.2450419813,0.5034425259,0.5180600882,-0.1955976486,0.4944875538,0.5044485331,-0.1754416674,0.627964139,0.5197079778,-0.1930007339,0.5790400505,0.5810389519,-0.2666641772,0.5152855515,0.5892410278,-0.2283041775,0.5195559263,0.5656933188,-0.1996315718,0.6415563822,0.6045472622,-0.1754024327,0.5915853977,0.6595505476,-0.2324793041,0.5288462043,0.6529486179,-0.1850663871,0.5339986682,0.631680429,-0.1588876396,0.6450819969,0.6812472343,-0.1706190109,0.599991858,0.7249537706,-0.2087937444,0.5508044362,0.7117713094,-0.1990076154,0.5501724482,0.6988181472,-0.1937438548,6
C:\Thesis\Hand Detection\Nahar\Sign 6\Image frames\Sign_6 - Frame (27).jpg,0.4681042135,0.6552078724,-6.12E-05,0.4071960449,0.5500860214,-0.1104818583,0.4127873778,0.4368650913,-0.1895602345,0.4251611531,0.3316847086,-0.2557785213,0.4265593588,0.2286087722,-0.3192005157,0.5849809647,0.435574621,-0.2183367908,0.566440165,0.4910026491,-0.2698838115,0.51012218,0.521199584,-0.2263530493,0.4967895746,0.5140872598,-0.2018059939,0.6284542084,0.5164162517,-0.1990703046,0.5926588178,0.5753693581,-0.2894553244,0.523178339,0.5939569473,-0.2615844905,0.5204498768,0.5735031366,-0.2349789292,0.643194437,0.6014130116,-0.181248188,0.6062764525,0.6551066637,-0.2582721412,0.5383936167,0.6554014683,-0.2182766795,0.5370113254,0.6357189417,-0.1874708533,0.6455554366,0.6775614023,-0.1772072315,0.613391757,0.7234436274,-0.2293922603,0.5584338903,0.7121043801,-0.2202523798,0.5492630601,0.697637856,-0.2089685351,6
C:\Thesis\Hand Detection\Nahar\Sign 6\Image frames\Sign_6 - Frame (28).jpg,0.4715328217,0.6462230682,-0.0001077154739,0.4113480449,0.5410653353,-0.1058070585,0.4134993553,0.4295086861,-0.1830905229,0.4221253693,0.326690644,-0.2482458949,0.4233129621,0.2291242182,-0.308939904,0.5853257775,0.4387967885,-0.215022251,0.5688178539,0.4866097867,-0.2683125734,0.5109134912,0.5111801028,-0.2330322117,0.4961735308,0.5025440454,-0.2136174142,0.6264912486,0.52252388,-0.1968852878,0.5896524787,0.5762788057,-0.2848604023,0.5217583179,0.5882816315,-0.2584962249,0.5202288628,0.5666816235,-0.2346156836,0.6395615339,0.6080339551,-0.1798514128,0.601012826,0.6597547531,-0.2540590763,0.5349237919,0.6541205645,-0.2134970576,0.5345219374,0.632214725,-0.1840936989,0.6410079598,0.6836941242,-0.1760269254,0.6087921262,0.7280694246,-0.2245584726,0.5557661653,0.7136865854,-0.2145245224,0.5478867888,0.6990426183,-0.2026355863,6
C:\Thesis\Hand Detection\Nahar\Sign 6\Image frames\Sign_6 - Frame (29).jpg,0.4712745249,0.6528835297,-9.03E-05,0.4088302851,0.5392342806,-0.1062069163,0.407787621,0.4271403253,-0.1830136031,0.4184965491,0.3223952651,-0.2471482158,0.4214229286,0.2214038968,-0.3055120409,0.5843240023,0.43797189,-0.2074978501,0.5735583305,0.480946213,-0.2605395615,0.51283288,0.5087189078,-0.2237478644,0.4927826524,0.507265687,-0.1984945834,0.6246808171,0.5219322443,-0.186318621,0.5987144709,0.5708556175,-0.2733922005,0.5264700651,0.5863775015,-0.2493041456,0.5162683725,0.5689634681,-0.2225680351,0.6366006732,0.6075835824,-0.1673133969,0.6082100868,0.6542961001,-0.2378439158,0.5383205414,0.6517574787,-0.1977493018,0.5308439136,0.6333380342,-0.1643786877,0.6374043226,0.6839056015,-0.1603585184,0.6105807424,0.7243777514,-0.2063184679,0.5552057028,0.7111409307,-0.1962445378,0.541266799,0.6983008385,-0.1842032224,6
C:\Thesis\Hand Detection\Nahar\Sign 6\Image frames\Sign_6 - Frame (30).jpg,0.4642902315,0.6566980481,-6.99E-05,0.4037308693,0.5446949005,-0.1055322364,0.4048609138,0.4334862828,-0.1815228015,0.4162263274,0.3302195966,-0.2451288104,0.4204135537,0.2318520695,-0.2969512939,0.5732318163,0.4301477373,-0.2025341243,0.5706113577,0.4618795812,-0.2550753355,0.5107096434,0.4953771532,-0.2097572833,0.4906106591,0.4970987737,-0.1788152754,0.6146495938,0.5135528445,-0.183616966,0.6008895636,0.5535931587,-0.2806895375,0.5246102214,0.5769611001,-0.2536172867,0.5159583688,0.5633948445,-0.2212918401,0.6287907958,0.5988692045,-0.1668145508,0.6109504104,0.6396210194,-0.2476820499,0.5356401801,0.6419270635,-0.2043027729,0.5290242434,0.6262549758,-0.1673939228,0.6342375875,0.6748059392,-0.1639218181,0.6157206297,0.7145364285,-0.2149749845,0.5564399958,0.7016094327,-0.2052171826,0.5430634618,0.6881327629,-0.1942606419,6
C:\Thesis\Hand Detection\Nahar\Sign 6\Image frames\Sign_6 - Frame (31).jpg,0.4680752754,0.6546912789,-9.02E-05,0.4054963589,0.5479765534,-0.09647601098,0.405679673,0.4361570477,-0.1727518886,0.4160552323,0.3332188129,-0.2367341518,0.4176386595,0.2341743857,-0.294503212,0.578237772,0.4318442345,-0.2111095935,0.5542118549,0.4835097194,-0.2505562305,0.4987934232,0.5077443719,-0.2022833526,0.4889498055,0.4968259931,-0.1796373576,0.6223376989,0.5136979222,-0.1957436949,0.5806824565,0.5721099377,-0.276271373,0.5136159658,0.5850986838,-0.2427977324,0.5151208639,0.562523365,-0.2160109133,0.6384444833,0.5987614989,-0.1800701171,0.5939562917,0.6539691091,-0.2443836182,0.5267556906,0.6491903067,-0.2000592202,0.5286997557,0.6285257339,-0.1723515838,0.6439528465,0.6762109995,-0.177905038,0.6061015725,0.7226285934,-0.2175843269,0.551727891,0.7085910439,-0.2105277628,0.5451911092,0.6944167614,-0.2063392401,6
C:\Thesis\Hand Detection\Nahar\Sign 6\Image frames\Sign_6 - Frame (32).jpg,0.4654515088,0.6620995998,-8.62E-05,0.4041969776,0.550370574,-0.103789866,0.4048330784,0.4361256361,-0.1769009382,0.4146487117,0.3302096725,-0.2377056777,0.4178658128,0.2293897867,-0.2906595469,0.5769183636,0.4340324998,-0.1980954111,0.5801603794,0.4685885012,-0.255697906,0.5156653523,0.5042703748,-0.2160124034,0.4907441437,0.5072847605,-0.1849873066,0.6186187267,0.5189717412,-0.179354772,0.6089567542,0.560675621,-0.2744285762,0.5292662382,0.5841861963,-0.2503593862,0.5160093307,0.5700927377,-0.2201739103,0.6327382922,0.6067333221,-0.1633465737,0.6175609827,0.6458185911,-0.2419587821,0.5405018926,0.6481482983,-0.2034542859,0.5301849842,0.6322871447,-0.170321092,0.6369902492,0.6834753752,-0.160595715,0.6185905337,0.7218027115,-0.2092588246,0.5584250093,0.7077717781,-0.1990916282,0.5443749428,0.6920417547,-0.1880540401,6
C:\Thesis\Hand Detection\Nahar\Sign 6\Image frames\Sign_6 - Frame (33).jpg,0.4704566002,0.6607993841,-9.61E-05,0.4089567959,0.5516891479,-0.09691749513,0.4109125137,0.4343992174,-0.169385612,0.4212764502,0.3267752528,-0.2298518717,0.4231313467,0.2248950005,-0.2856751084,0.584828496,0.4366616905,-0.1998095959,0.5716413856,0.4815751612,-0.2468018234,0.5138338804,0.5125517845,-0.2076673359,0.4970104694,0.5087431669,-0.185915485,0.627833426,0.5202484131,-0.1837314069,0.5975663066,0.5705128908,-0.2658094764,0.5277045965,0.5911151767,-0.2397079468,0.5221662521,0.5745911002,-0.2151447088,0.64281708,0.6071670651,-0.1679998934,0.6089969277,0.6549861431,-0.2344955057,0.5400728583,0.6564457417,-0.1960630268,0.5355815291,0.6384863853,-0.1684250385,0.6464495063,0.6855779886,-0.1648800075,0.6148382425,0.7270593643,-0.2062719017,0.5595250726,0.7154638171,-0.1972726285,0.5488360524,0.7021480203,-0.188939184,6
C:\Thesis\Hand Detection\Nahar\Sign 6\Image frames\Sign_6 - Frame (34).jpg,0.4689280987,0.6551300287,-8.43E-05,0.4115632772,0.54551512,-0.1055355966,0.4143117666,0.4322220981,-0.1766433716,0.4223245084,0.3229651451,-0.2355175614,0.4232997298,0.2175867856,-0.2895867825,0.5861473083,0.4431533515,-0.1852640212,0.5885427594,0.4798096418,-0.2409890145,0.5248385072,0.5126414895,-0.2024116218,0.5001552105,0.5152813792,-0.1729461998,0.6276662946,0.5259621143,-0.1644196659,0.6135658026,0.5666921139,-0.2598263621,0.5359829664,0.5899648666,-0.2389740497,0.5229001045,0.5785064697,-0.2089693546,0.6417707801,0.6113671064,-0.1467868388,0.6237294674,0.6485981345,-0.227085337,0.5511165261,0.651445806,-0.1876222044,0.542398572,0.6370908022,-0.1497091204,0.6443450451,0.6848295927,-0.1416051835,0.6225547194,0.7240236998,-0.191553086,0.5663137436,0.7104824781,-0.1771014929,0.5543718338,0.6957836151,-0.15905945,6
C:\Thesis\Hand Detection\Nahar\Sign 6\Image frames\Sign_6 - Frame (35).jpg,0.4871790707,0.6445560455,-5.15E-05,0.4265681505,0.5421437621,-0.1021584272,0.4280831218,0.4331466854,-0.1760614812,0.4331329167,0.3295528889,-0.2339756936,0.4299733639,0.2296060026,-0.2883875668,0.6028246284,0.4365862012,-0.2156009972,0.5620626807,0.5022393465,-0.2591810822,0.5113048553,0.5213983655,-0.2277534455,0.5067490339,0.5034626722,-0.2196814567,0.6442708969,0.5226252079,-0.195223406,0.5857670903,0.5855571628,-0.2655749917,0.5262762308,0.5899387598,-0.2264165729,0.5326260328,0.5598473549,-0.2018565685,0.6569820642,0.609038353,-0.1753349304,0.6011132002,0.6666783094,-0.2351174653,0.5390607715,0.6554141641,-0.1867554635,0.541482687,0.6283847094,-0.1555741131,0.6556442976,0.6854800582,-0.1681710035,0.6152728796,0.7281750441,-0.2105180919,0.563995719,0.7173701525,-0.1942911595,0.5562119484,0.7063133717,-0.1802106947,6
C:\Thesis\Hand Detection\Nahar\Sign 6\Image frames\Sign_6 - Frame (36).jpg,0.4887140989,0.6515033245,-8.41E-05,0.4266511798,0.5402140617,-0.1025594994,0.4245730937,0.4265705645,-0.1708790958,0.429343164,0.3181386888,-0.2242714018,0.4306722879,0.2172147334,-0.271465838,0.5937832594,0.4472652674,-0.1916260123,0.5900921226,0.4868137836,-0.2504543364,0.5328925252,0.5189769268,-0.2288414687,0.5098177791,0.5233968496,-0.2103366852,0.6334737539,0.5322991014,-0.1694006175,0.6162736416,0.5782641768,-0.2562883496,0.5474642515,0.5972561836,-0.236777544,0.5302426219,0.5833649039,-0.2140648812,0.647265017,0.6164858937,-0.1476419717,0.6259772182,0.6604841948,-0.2210288048,0.5586471558,0.6630015373,-0.1848867238,0.5444306731,0.6451924443,-0.1494150013,0.6494092941,0.6897978187,-0.1380736679,0.6260162592,0.7305473089,-0.1861274689,0.5723029971,0.7209924459,-0.1711242497,0.554058969,0.7073937058,-0.15375112,6
C:\Thesis\Hand Detection\Nahar\Sign 6\Image frames\Sign_6 - Frame (37).jpg,0.4639416337,0.6569032669,-0.0001365289208,0.527902782,0.5299700499,0.03822897002,0.5378066897,0.4171559513,0.06227077171,0.5296124816,0.3227700591,0.08794893324,0.5172153115,0.2655490637,0.1152397245,0.4053109884,0.3993712068,0.04585902393,0.4374694824,0.4012760818,0.1655473709,0.4687635303,0.4375626743,0.2063197345,0.4799452722,0.4530339539,0.1855456084,0.3573489487,0.4757249355,0.05186518654,0.3865784407,0.4650451839,0.1773771495,0.4131019115,0.4881496429,0.1868401617,0.4272426069,0.5138459206,0.1581372619,0.3338553607,0.5574200749,0.0706551224,0.3513269126,0.5357867479,0.1861761957,0.3791774809,0.5500189066,0.1793421209,0.3947513402,0.5685252547,0.13441737,0.328181684,0.6334769726,0.09359974414,0.3286720812,0.5982470512,0.1624631435,0.3453024924,0.5828119516,0.1781210303,0.3587852418,0.579472661,0.1759316325,6
C:\Thesis\Hand Detection\Nahar\Sign 6\Image frames\Sign_6 - Frame (38).jpg,0.4687865376,0.6521252394,-0.0001252338989,0.5301508904,0.5259093642,0.03506730124,0.5397201777,0.4116535783,0.05294631794,0.5345414877,0.3163506091,0.07225549221,0.5257778764,0.2592421174,0.08166602999,0.4181952178,0.403305769,0.0247489512,0.4526633322,0.4075131714,0.1281976998,0.4839733839,0.4408031404,0.158607021,0.4971420169,0.4465353787,0.1330466419,0.3707685173,0.4660649896,0.03417157382,0.4059128761,0.4595177174,0.1539767981,0.4312179685,0.4828273058,0.1642988324,0.4446873665,0.5036351085,0.1322164685,0.3451182842,0.5323204398,0.05680766702,0.3682694435,0.5142828226,0.1623000056,0.3940776289,0.5332198739,0.1551063359,0.411007762,0.5529609919,0.1088234186,0.3365294039,0.5935690999,0.08308149874,0.3381494582,0.5641925931,0.143025279,0.3476388454,0.5605009198,0.1498903036,0.3554083407,0.5654554367,0.1410922855,6
C:\Thesis\Hand Detection\Nahar\Sign 6\Image frames\Sign_6 - Frame (39).jpg,0.4795976579,0.6653271914,-0.0001544932165,0.5406769514,0.5157639384,0.0195887275,0.539593935,0.3691214621,0.01189030986,0.520709455,0.2439371347,-0.0004193482746,0.5208086967,0.1359789073,-0.02145431377,0.3951321542,0.4002579749,0.03464292735,0.4225546122,0.4268923104,0.1274955422,0.4491944611,0.461145997,0.1549364179,0.4607569277,0.4786795378,0.1349553764,0.3439804018,0.4808149934,0.04043835029,0.381963104,0.4850878716,0.137448132,0.4058054388,0.5107280016,0.1463813782,0.4238734543,0.5378341675,0.1304276437,0.3134253621,0.567944169,0.0538565442,0.344891727,0.553845644,0.1493239701,0.374027282,0.5795122385,0.1492951661,0.3920224309,0.6019162536,0.1232618466,0.299919188,0.6465700865,0.07134699076,0.3052382171,0.6268999577,0.1299276203,0.3270204961,0.6303519011,0.1432726234,0.3471759558,0.6483545303,0.146675393,6
C:\Thesis\Hand Detection\Nahar\Sign 6\Image frames\Sign_6 - Frame (40).jpg,0.4647869468,0.6532305479,-0.0001784743363,0.5289701223,0.5193658471,0.04079885036,0.5423800945,0.4061105251,0.06335381418,0.5300856829,0.3177760541,0.08633624762,0.5146677494,0.2642146647,0.1088536829,0.408105582,0.3778217435,0.04660172388,0.4628609121,0.3996050358,0.1627257019,0.4943152368,0.4400471449,0.1996234506,0.5011524558,0.4484882057,0.1711916029,0.3538902402,0.4565559924,0.0518758297,0.4035684466,0.4727972448,0.1787961125,0.4297713935,0.4991548359,0.1892536432,0.440151751,0.520083487,0.1559210122,0.3274373412,0.5441465974,0.06930314004,0.3622493148,0.5447010398,0.1873491108,0.3921887577,0.56062603,0.183072418,0.4028049707,0.5729832649,0.1366367042,0.3198533058,0.6276137829,0.09134481847,0.3340261281,0.6041719317,0.1623454392,0.354345113,0.5896039009,0.179909125,0.3627881408,0.5818012953,0.1767066717,6
C:\Thesis\Hand Detection\Nahar\Sign 6\Image frames\Sign_6 - Frame (41).jpg,0.4893007278,0.6661167741,-9.27E-05,0.5542849302,0.51776582,0.02358876169,0.5468243361,0.3730754256,0.01271497924,0.5206878781,0.2551408112,0.0007781778113,0.5217368603,0.1433779299,-0.02258883603,0.3921117783,0.3961718976,0.02205025591,0.4137071073,0.4105143547,0.1246969849,0.4422054291,0.4425367713,0.1640351266,0.4562157691,0.4630661607,0.1490401179,0.3404325545,0.4798113406,0.02598993666,0.3698046505,0.4730088115,0.1234040782,0.3969240487,0.4954375625,0.1376825273,0.4162097573,0.5267730951,0.1181265488,0.3128073514,0.570070684,0.03814110532,0.3341614008,0.5456516743,0.140291959,0.3661182821,0.5685023069,0.1377589554,0.3853022158,0.594861567,0.1007165611,0.3016525805,0.6545125246,0.0561811924,0.3023612201,0.6284408569,0.1193107739,0.3288461268,0.635725975,0.1313815415,0.3498449028,0.6575434804,0.1278121024,6
C:\Thesis\Hand Detection\Nahar\Sign 6\Image frames\Sign_6 - Frame (42).jpg,0.4955896437,0.6727907062,-0.0001228325709,0.5598079562,0.5258519053,0.02265140228,0.5549367666,0.3752372563,0.01588575542,0.5320184827,0.2537904978,0.00973616913,0.5301192403,0.1497524679,-0.004300356843,0.4031276703,0.3891068399,0.00986044202,0.4319759011,0.4018641114,0.1069195867,0.464363724,0.4407345057,0.1498052031,0.4786716402,0.4615193605,0.135022819,0.3469999135,0.4744993448,0.0117796706,0.38800928,0.4722120166,0.1044544056,0.4161156714,0.4986657798,0.1174005643,0.4333007038,0.5273268819,0.09500811249,0.3160430193,0.5674120784,0.02374101616,0.3472408652,0.5452814102,0.1189424917,0.380335629,0.5688887239,0.1263503581,0.3991473317,0.5925864577,0.09477709234,0.3043171465,0.6542943716,0.04000981525,0.3132399023,0.6268582344,0.1044218987,0.3398173451,0.6300743818,0.1241651028,0.3585072756,0.6454357505,0.1237086505,6
C:\Thesis\Hand Detection\Nahar\Sign 6\Image frames\Sign_6 - Frame (43).jpg,0.5359803438,0.6668667793,-4.64E-05,0.5923482776,0.52153337,0.03534079716,0.5859239697,0.3784016073,0.0250758063,0.5669997931,0.2608022094,0.01023102179,0.5662531853,0.1500130594,-0.01932544634,0.4329117537,0.3958933055,0.01062187087,0.4625171721,0.4105527699,0.1072241664,0.4908556938,0.4471817911,0.1336509138,0.5026354194,0.4706225395,0.1107380614,0.3832891285,0.4755047262,0.006817484275,0.4210613966,0.4709646106,0.1004134119,0.4485453665,0.5002380013,0.1045463011,0.465900898,0.5298066735,0.08363644034,0.3566102386,0.5650534034,0.01556742564,0.3888997436,0.5485200882,0.1146033704,0.41816625,0.5706892014,0.1046825349,0.433483839,0.5889823437,0.06119695678,0.345285058,0.6461723447,0.03174733743,0.3587171435,0.6217185855,0.09889632463,0.3829149604,0.6279606223,0.1103640348,0.3989179134,0.6411496401,0.1014191955,6
C:\Thesis\Hand Detection\Nahar\Sign 6\Image frames\Sign_6 - Frame (44).jpg,0.5245578885,0.6577157974,6.56E-06,0.5887164474,0.5197557807,0.03620033711,0.5886532068,0.3825440109,0.03538024426,0.5704795122,0.2704747021,0.02693411335,0.5687457323,0.1659958512,0.003160489025,0.4385182858,0.3956558406,0.03874565288,0.4617579579,0.4199208021,0.1456613839,0.4888681769,0.451508522,0.1828512549,0.5019987822,0.4694753885,0.1656834334,0.3906359673,0.4706497788,0.03689896315,0.4217112362,0.4703170061,0.1393965185,0.446991533,0.4925249219,0.1445928216,0.4670172036,0.5183522105,0.1223365292,0.3650322258,0.5521160364,0.04630570114,0.3913656175,0.5368724465,0.1493195891,0.4193520844,0.5571332574,0.1405353099,0.436863035,0.5773328543,0.09804774076,0.3546006083,0.627410233,0.0620967336,0.3661468327,0.6056780815,0.1295308918,0.3867242336,0.6113922596,0.1403294802,0.4028730094,0.6275155544,0.1335824877,6
C:\Thesis\Hand Detection\Nahar\Sign 6\Image frames\Sign_6 - Frame (45).jpg,0.5443298221,0.6663161516,-9.56E-05,0.6007335782,0.5265757442,0.01361745037,0.590593338,0.3799092472,-0.01062906161,0.567097187,0.2571436763,-0.03556011617,0.5708578825,0.1413758397,-0.07306362689,0.4398136139,0.4002757668,-0.02307385392,0.4594722986,0.4253117144,0.05847408623,0.4890122414,0.4609245062,0.08855715394,0.5012127161,0.4798176885,0.07141159475,0.3867888451,0.4783892035,-0.01968592592,0.4192897677,0.4854036272,0.06127878651,0.4481058717,0.5113731623,0.07546365261,0.4657796323,0.5372593403,0.06140133366,0.3558838069,0.5663164854,-0.006792295258,0.3864424825,0.5577167869,0.07666563243,0.4181324542,0.579619348,0.0757394284,0.4340110123,0.5981482267,0.0430396907,0.3433953524,0.6443551779,0.01162387803,0.3528110683,0.6257119179,0.06120297685,0.3832750916,0.6352396011,0.06795676798,0.4047676027,0.6521779895,0.05582201481,6
C:\Thesis\Hand Detection\Nahar\Sign 6\Image frames\Sign_6 - Frame (46).jpg,0.5376962423,0.657982111,-8.31E-05,0.5902274847,0.5164560676,0.01102585439,0.5830789208,0.3703520894,-0.009012040682,0.5652477145,0.249183774,-0.03255602717,0.5661896467,0.1423027217,-0.06525839865,0.4396797121,0.4016219079,-0.01623099297,0.4554197192,0.425817132,0.06060668081,0.4840222597,0.4639080167,0.08846024424,0.4994634986,0.4828765988,0.07240232825,0.390145421,0.4811873138,-0.01292230189,0.4198132455,0.4848210216,0.05766255781,0.445569694,0.5126909018,0.06846219301,0.4646688104,0.5361574292,0.05725124106,0.3605501652,0.5667205453,-0.0008130039205,0.3889775872,0.5550327301,0.07180891931,0.418073833,0.5784679651,0.07196690887,0.4356666803,0.5946162939,0.0445648171,0.3476922512,0.6410610676,0.01701365411,0.3528494239,0.6188292503,0.06253242493,0.377034843,0.6238129735,0.07250591367,0.3982026875,0.6367379427,0.06729233265,6
C:\Thesis\Hand Detection\Nahar\Sign 6\Image frames\Sign_6 - Frame (47).jpg,0.5370742679,0.6542035341,-5.56E-05,0.5988848805,0.5143464208,0.01424956042,0.5900980234,0.3747530282,-0.01123383082,0.5716302991,0.2581006289,-0.03734847903,0.5757950544,0.1449376047,-0.07653547823,0.43551898,0.3996409774,-0.05207055807,0.4605616033,0.4114626646,0.02865112759,0.4890621305,0.4442479014,0.0682444647,0.4990999997,0.4653022885,0.05835152045,0.38355726,0.4783432186,-0.04892212525,0.4202302992,0.4704265594,0.02590293437,0.4498862028,0.4938323498,0.04493081197,0.467820406,0.5207134485,0.03608280048,0.3558350205,0.5647473931,-0.03413973376,0.3910095096,0.546738863,0.05076901242,0.4215477407,0.5627527237,0.05249668285,0.4346013665,0.5776745081,0.01733183302,0.3453406692,0.6417042017,-0.01220879145,0.3620720804,0.6161732078,0.03950063139,0.3914855123,0.6231814027,0.04387249425,0.4080287516,0.6372503042,0.02621601894,6
C:\Thesis\Hand Detection\Nahar\Sign 6\Image frames\Sign_6 - Frame (48).jpg,0.5307517648,0.6371648312,-2.81E-05,0.5927271843,0.4951027334,0.02659979463,0.589405179,0.3626838028,0.01094144303,0.5742939115,0.2533715665,-0.005065826233,0.5713005066,0.1553339362,-0.03139639273,0.4372133315,0.3938579261,-0.03896017745,0.4507529438,0.4064300954,0.05683839321,0.4778906703,0.4341506362,0.1025402844,0.4916333854,0.4496467113,0.08974421769,0.3895578086,0.4760170877,-0.03824740648,0.4091906846,0.4667062759,0.04918940738,0.4384826124,0.4868797064,0.06638238579,0.4604918361,0.5098922253,0.05465193465,0.3670114279,0.5642442107,-0.0244594235,0.3878311217,0.5393683314,0.07664346695,0.4154620767,0.5550435781,0.07774769515,0.4303185642,0.5695105791,0.04026501998,0.3610791266,0.6428763866,-0.004020364024,0.3706797063,0.6176869869,0.06277225167,0.3938877583,0.6279716492,0.07081650943,0.4109300971,0.6427265406,0.05749018118,6
C:\Thesis\Hand Detection\Nahar\Sign 6\Image frames\Sign_6 - Frame (49).jpg,0.5777648687,0.2473285794,-4.36E-05,0.5707303882,0.1877330244,-0.002033818979,0.5701221228,0.1482836455,0.01140117645,0.5756818652,0.1233275905,0.02726705931,0.5831618905,0.1088309288,0.04650596529,0.5644732118,0.1288481951,0.043307513,0.5712233782,0.1024646759,0.06834834814,0.5750938058,0.09813632071,0.07781145722,0.5774123073,0.09955154359,0.08204251528,0.5691379905,0.1501655728,0.05583250523,0.5723305345,0.122955218,0.08745370805,0.5746161938,0.1139273718,0.1014069319,0.5789930224,0.1104142666,0.1108090654,0.5733104348,0.1698233187,0.06662146747,0.5763491988,0.1473627388,0.09501753747,0.5766735077,0.1366406381,0.1052550301,0.5793719888,0.1323086321,0.1108786017,0.576957047,0.1863751411,0.07507158071,0.57498914,0.1636689305,0.09831240773,0.5761820674,0.1541563272,0.1088377163,0.5789458156,0.1499452442,0.1161495373,6
C:\Thesis\Hand Detection\Nahar\Sign 6\Image frames\Sign_6 - Frame (50).jpg,0.5269443393,0.6466107965,-5.99E-05,0.5906597972,0.5076230168,0.02403119206,0.5893374681,0.3633840084,0.01119304076,0.5711879134,0.2463313043,-0.003225388238,0.5704610348,0.1393356025,-0.02974025719,0.4402701855,0.3860907853,-0.006939588115,0.4629863501,0.4035825431,0.08725522459,0.4919109941,0.4404703379,0.1217026263,0.5059221983,0.4629846215,0.1033693179,0.3910437524,0.4657720625,-0.004114381503,0.4203168452,0.4587353766,0.08522288501,0.4467170238,0.4854441583,0.09678589553,0.4673586488,0.5154004097,0.07904047519,0.3637205362,0.5522633791,0.009989027865,0.38848719,0.530472517,0.1044068485,0.4196076095,0.554068327,0.1029870734,0.4382158816,0.5742955804,0.06753996015,0.3529272079,0.6299389601,0.03087028302,0.3599462509,0.6020081043,0.09066466242,0.3857367039,0.6078834534,0.1047313735,0.4061931968,0.6221905947,0.0996189937,6
C:\Thesis\Hand Detection\Nahar\Sign 6\Image frames\Sign_6 - Frame (51).jpg,0.4673784375,0.5925955772,-6.57E-05,0.404648155,0.4829455912,-0.1290506721,0.4049845934,0.3851827383,-0.2162473649,0.4178847075,0.2899711132,-0.2887680531,0.4254784584,0.1905485541,-0.3463759422,0.5878072977,0.3927880824,-0.1979135424,0.6209723353,0.4216823578,-0.2663608491,0.5535675287,0.4591814578,-0.2436270863,0.526018858,0.4637986422,-0.2140665501,0.6247293353,0.4763061404,-0.1679130644,0.6323130131,0.5190195441,-0.283059746,0.5478050113,0.5393689275,-0.2740400136,0.5330640674,0.5174663067,-0.239050284,0.6342490911,0.5617989898,-0.1460750699,0.6240788102,0.6132541299,-0.2480468452,0.5467554331,0.6147693992,-0.217453301,0.5358499885,0.5907645226,-0.1793140322,0.6345983744,0.6367841959,-0.135890305,0.6182727218,0.6862610579,-0.2057389617,0.5582895875,0.6792858839,-0.2018525749,0.5429941416,0.6591886878,-0.1808949411,6
C:\Thesis\Hand Detection\Nahar\Sign 6\Image frames\Sign_6 - Frame (52).jpg,0.5288500786,0.6490286589,-0.000106186686,0.5860368609,0.5059723854,0.01785451174,0.5860984921,0.3571831584,0.002938863588,0.5720857382,0.2314073294,-0.01549480297,0.5691145062,0.1306750178,-0.0361819379,0.4486150444,0.3902877867,-0.01799466461,0.4562476575,0.3998565972,0.06501255929,0.4843595028,0.4318667054,0.106245406,0.5012965798,0.4450574517,0.09615649283,0.3979091644,0.4702837467,-0.01490028668,0.4161325991,0.4576448202,0.06363398582,0.4419522285,0.479877919,0.07914886624,0.4645023942,0.5024755001,0.0643407926,0.3678764999,0.5557988882,-0.002551729558,0.3853215873,0.5270036459,0.08265690506,0.413916707,0.5474888086,0.09243950248,0.4338047206,0.5654998422,0.064609088,0.354254663,0.6301719546,0.01454203296,0.3550842106,0.6007570028,0.06818185002,0.3744392991,0.601965785,0.08134154975,0.3934833109,0.6114900112,0.07743445784,6
C:\Thesis\Hand Detection\Nahar\Sign 6\Image frames\Sign_6 - Frame (53).jpg,0.4996173382,0.762968421,-4.69E-05,0.5353006124,0.5970847011,0.02850632928,0.5021993518,0.4586802423,0.02090417221,0.468624115,0.3553469181,0.007835682482,0.464089036,0.2548113465,-0.0298410356,0.3446239531,0.5166777968,-0.00477658445,0.3758939505,0.5167667866,0.07348488271,0.4157976508,0.5540912151,0.08776284009,0.4328764975,0.5838904381,0.06729950011,0.3057271838,0.6050310731,-0.003323206911,0.3468770385,0.5850608349,0.09962554276,0.38446486,0.6092075109,0.1070904285,0.4089612663,0.6455129385,0.0886760205,0.2937164903,0.693328321,0.01004330814,0.3303803802,0.6659162045,0.1145918965,0.3703305125,0.6804335117,0.1039725393,0.3891377151,0.7020100355,0.06667171419,0.2966432571,0.7679188251,0.03238939121,0.3121896088,0.7283653021,0.1038470864,0.3490394056,0.7301113605,0.1147730798,0.3706546724,0.7464280128,0.1049492583,6
C:\Thesis\Hand Detection\Nahar\Sign 6\Image frames\Sign_6 - Frame (54).jpg,0.5319629312,0.6539482474,-4.74E-05,0.5931934118,0.511798799,0.02379357815,0.5900666118,0.3652638793,0.0114581557,0.5715952516,0.2437217534,-0.004620586056,0.5696998239,0.1305968761,-0.03285328299,0.4429431558,0.3848995566,0.01249456126,0.4654076397,0.4104189277,0.1092145368,0.4929757714,0.4456212223,0.1451802701,0.5057933927,0.4649655819,0.1277702898,0.3928474188,0.4630948007,0.01369091496,0.4247820973,0.4636768699,0.1044842377,0.4495577812,0.4884589911,0.1105295047,0.4686620235,0.5147969723,0.09030115604,0.3645906448,0.5473481417,0.02496493421,0.3929225206,0.5322686434,0.1197284162,0.4207485318,0.555794239,0.1129729524,0.438041687,0.5766299963,0.07433873415,0.3525815606,0.6246620417,0.04202749208,0.3619459271,0.6040617228,0.1022466868,0.3831587732,0.6098829508,0.1120260656,0.4010427594,0.6251107454,0.1058884263,6
C:\Thesis\Hand Detection\Nahar\Sign 6\Image frames\Sign_6 - Frame (55).jpg,0.5316043496,0.6445070505,-2.89E-05,0.5897675753,0.5048621893,0.02550768293,0.5885839462,0.366841644,0.01323824935,0.5754726529,0.2505503893,-0.002941234503,0.5767120719,0.1401385963,-0.03455371782,0.4366582334,0.3912498355,-0.001277690637,0.4620224833,0.4055114985,0.09297136962,0.4926035404,0.4438119233,0.1271898746,0.5066505075,0.4709441066,0.1105175465,0.3888012767,0.4709945917,0.001011657761,0.4165380001,0.458401978,0.08822971582,0.4444226921,0.4863871336,0.09878351539,0.4656178653,0.5186371207,0.08776072413,0.3616440594,0.5575372577,0.01452000625,0.3859872818,0.5334705114,0.1076706201,0.4175082743,0.5564470291,0.1038723737,0.4361604154,0.5773945451,0.07064666599,0.3507406116,0.6335806847,0.03589210659,0.3573171496,0.6044645309,0.09693834186,0.3837962151,0.6123049855,0.1092330739,0.4043622315,0.6292247176,0.103529118,6
C:\Thesis\Hand Detection\Nahar\Sign 6\Image frames\Sign_6 - Frame (56).jpg,0.5441192389,0.6658017039,-8.69E-05,0.6027285457,0.519164443,0.007142599206,0.594753325,0.3643746674,-0.01567583531,0.5702164173,0.2375373542,-0.03953225538,0.5724897385,0.1235775948,-0.07521796227,0.4428500533,0.3906437755,-0.03516425937,0.4583894014,0.4071927369,0.04479278997,0.4902429283,0.4478009939,0.07322527468,0.5050858259,0.4705184996,0.05475552008,0.3895699978,0.4716257751,-0.02841969766,0.4190350771,0.4719715416,0.05067186058,0.4484460354,0.5017900467,0.06298195571,0.4672815502,0.5301522017,0.04949713498,0.3572418094,0.5603144169,-0.01116811112,0.3861537576,0.5457729101,0.07120660692,0.4183907211,0.5699108839,0.06935304403,0.4356592298,0.5903112888,0.03738487884,0.3434153497,0.6368657351,0.0121509172,0.3496831656,0.6107121706,0.06235807016,0.3781754375,0.6191655397,0.0716214031,0.3997610211,0.6368616223,0.06202477962,6
C:\Thesis\Hand Detection\Nahar\Sign 6\Image frames\Sign_6 - Frame (57).jpg,0.5378785729,0.6444456577,-0.0001075643959,0.59930861,0.5074427724,0.01568001509,0.5956538916,0.3635903299,-0.002198594389,0.5745968819,0.2428886592,-0.02188997157,0.5765496492,0.1323464811,-0.0533891134,0.4509460926,0.3878767788,-0.008509902284,0.4685676992,0.4124574959,0.08011581004,0.4959112704,0.4500944912,0.1152687669,0.5091486573,0.4710667729,0.1002312675,0.3990781903,0.4674931169,-0.002526833443,0.4239288867,0.4666608274,0.08011007309,0.448887527,0.4930568337,0.09706471115,0.4693005979,0.5224946737,0.08569537848,0.3687055707,0.5533328056,0.01238061488,0.3893633485,0.5347843766,0.0978750214,0.4177133143,0.5603051186,0.09611321986,0.4368586838,0.5837777853,0.06578946859,0.3557651043,0.6300941706,0.03357353061,0.352997601,0.6047139168,0.08277206868,0.3746529818,0.6118721366,0.09064886719,0.3963837028,0.6300329566,0.08446118236,6
C:\Thesis\Hand Detection\Nahar\Sign 6\Image frames\Sign_6 - Frame (58).jpg,0.4574362338,0.6030373573,-0.000156995724,0.3986266553,0.4944924414,-0.127211228,0.4011736512,0.3901069462,-0.2092238218,0.4149441123,0.2888214886,-0.2752006054,0.4243172407,0.188691467,-0.3250155449,0.5933687687,0.3897685111,-0.1972368956,0.6174685359,0.4275835156,-0.2455026656,0.5498281121,0.4670110345,-0.1990681887,0.5264751911,0.4664830863,-0.1608622223,0.6287619472,0.4726778567,-0.1625789106,0.6252177954,0.5225460529,-0.2598769069,0.5412647724,0.5450021029,-0.2387856543,0.5324313045,0.5250163078,-0.2011940181,0.6363309622,0.5598735809,-0.1347338706,0.6183149815,0.6137366295,-0.2219664454,0.5418657064,0.6148417592,-0.1858512908,0.535025835,0.5935925245,-0.1503040642,0.6344373822,0.6370370984,-0.1192431524,0.616199851,0.6875898242,-0.1792208999,0.5565105677,0.6784810424,-0.1747970283,0.5442721844,0.6590714455,-0.1575313061,6
C:\Thesis\Hand Detection\Nahar\Sign 6\Image frames\Sign_6 - Frame (59).jpg,0.5687259436,0.6704273224,-2.66E-05,0.6321690083,0.5210245252,0.02207005955,0.6242413521,0.3786075413,0.0005836745258,0.601800561,0.2618935704,-0.02190930955,0.6039199233,0.1477434933,-0.06140990555,0.457018733,0.3994554281,-0.0234973412,0.4772008955,0.4140667021,0.07643087208,0.5059113503,0.4460044503,0.1098172516,0.5189949274,0.4674441814,0.08836751431,0.404512763,0.48299101,-0.02019757591,0.4354958832,0.4708155394,0.07457880676,0.4668006599,0.492952317,0.08615598828,0.4859086573,0.5232319832,0.06561253965,0.3783822954,0.5728948116,-0.00519800745,0.4089591801,0.5475418568,0.09868964553,0.4409080148,0.5657339692,0.0903153643,0.454977721,0.5858007669,0.0423088409,0.369544208,0.6538989544,0.01851593517,0.3851512969,0.6190462708,0.08616536856,0.414860785,0.6267940402,0.09338095039,0.4311605394,0.6464091539,0.07756665349,6
C:\Thesis\Hand Detection\Nahar\Sign 6\Image frames\Sign_6 - Frame (60).jpg,0.4467670619,0.6735504866,-0.0001895248861,0.3958468139,0.563485086,-0.1372388154,0.4037530422,0.4589551091,-0.2194074541,0.4208988547,0.3593120873,-0.2840524614,0.4277518094,0.2585198879,-0.3291100264,0.586751163,0.4635524154,-0.195757553,0.6114856005,0.5089762807,-0.2501188815,0.5421514511,0.5413708687,-0.203629598,0.5205215216,0.5339281559,-0.1627342552,0.6180660725,0.5484200716,-0.1585362405,0.6229370832,0.5976477861,-0.2646127939,0.5344305634,0.6148350239,-0.24624677,0.5274911523,0.5897420049,-0.2070153803,0.6233573556,0.6358796358,-0.1322970986,0.6149294972,0.6863058805,-0.2294494808,0.5333716273,0.6832050085,-0.1978552341,0.5275457501,0.6589007974,-0.1604668051,0.6182016134,0.7118313909,-0.1178594232,0.6049463749,0.7588993907,-0.1856399029,0.5434049368,0.7463287115,-0.1841684729,0.5322961211,0.7256091237,-0.166440025,6
C:\Thesis\Hand Detection\Nahar\Sign 6\Image frames\Sign_6 - Frame (61).jpg,0.4570589066,0.6641311646,-7.68E-05,0.3980768919,0.5489905477,-0.1241740733,0.4008260965,0.4486772418,-0.2099937499,0.4148986936,0.353358835,-0.2807873487,0.4253728092,0.2585918903,-0.3331724107,0.5880847573,0.458209902,-0.2052048445,0.607321918,0.5040321946,-0.2475562692,0.5387322903,0.5330141783,-0.1899169087,0.5178453922,0.5276011825,-0.1465407312,0.6208527684,0.5451053977,-0.175675571,0.6158180237,0.6031677723,-0.2828017771,0.5314638615,0.6113415956,-0.2548232973,0.5247479677,0.5864633918,-0.2123983204,0.6268877983,0.633949995,-0.152974993,0.6053706408,0.691390872,-0.2451291829,0.5285805464,0.6810113788,-0.197743699,0.5270807147,0.6571893096,-0.1566893607,0.6255872846,0.7109888792,-0.1426295191,0.6005916595,0.7617442608,-0.2053773999,0.5418730378,0.7468258142,-0.2005661875,0.5340967774,0.7272319198,-0.1855730414,6
C:\Thesis\Hand Detection\Nahar\Sign 6\Image frames\Sign_6 - Frame (62).jpg,0.4509785175,0.660554409,-0.0001307254424,0.3946698308,0.5451366305,-0.1198932603,0.3996892869,0.4369877875,-0.2032915801,0.4161013365,0.3358867466,-0.2732147276,0.4260541797,0.23824507,-0.3269821703,0.5894576311,0.4527291954,-0.2072878033,0.5993438363,0.504062891,-0.2423496395,0.5341333151,0.531080842,-0.1815937907,0.5178673863,0.5202517509,-0.1418121606,0.6221845746,0.5405029655,-0.1788145751,0.6075032353,0.5995454192,-0.2744418681,0.5262772441,0.6068149209,-0.245748207,0.5224426389,0.5800125599,-0.2092838287,0.6274504066,0.6293051839,-0.1564242989,0.600088954,0.6882675886,-0.2379070222,0.5253012776,0.6767593026,-0.1952123791,0.5248998404,0.6507431865,-0.1619735062,0.6243353486,0.707141161,-0.1451981217,0.5944367647,0.7588188648,-0.2018809468,0.5352190137,0.744107306,-0.1994033456,0.5273051262,0.725466013,-0.1883792877,6
C:\Thesis\Hand Detection\Nahar\Sign 6\Image frames\Sign_6 - Frame (63).jpg,0.4531462193,0.6529034972,-0.0001292374509,0.3930311799,0.5304838419,-0.1305830777,0.396001637,0.4260571599,-0.213585481,0.4106054008,0.3250148296,-0.281550765,0.4208477736,0.2224693596,-0.3259086609,0.5765103102,0.4438891709,-0.1947674304,0.6204001307,0.4781772494,-0.2502807677,0.5485291481,0.5125123858,-0.1975725442,0.5175656676,0.5148717761,-0.1494788229,0.6084896326,0.534062326,-0.1635721475,0.6304694414,0.5786027908,-0.2823773623,0.5414603353,0.5928195119,-0.2635835111,0.5247157812,0.5707682967,-0.221890837,0.6149941087,0.6243582964,-0.1413153708,0.6146522164,0.6763005853,-0.2450254411,0.5325070024,0.6728776693,-0.2032555491,0.5231862664,0.6485681534,-0.1587842107,0.6146570444,0.7013493776,-0.1314438134,0.6036835313,0.7500571012,-0.203831315,0.5416010618,0.7348114252,-0.1985369325,0.5278069377,0.7105888724,-0.1773153692,6
C:\Thesis\Hand Detection\Nahar\Sign 6\Image frames\Sign_6 - Frame (64).jpg,0.4545148015,0.6603298783,-0.0001892303117,0.3940922618,0.5311688185,-0.1246743873,0.3985418081,0.4235794544,-0.20227018,0.4138985276,0.3185783327,-0.2634420693,0.4261518419,0.2092599273,-0.3011710644,0.5732890964,0.4446157217,-0.1753107309,0.6342485547,0.4687348902,-0.2328611761,0.5618698597,0.508871913,-0.1848202944,0.522960186,0.5163200498,-0.1376057714,0.6046797633,0.5353620052,-0.144723326,0.6454334259,0.5671748519,-0.2621125579,0.5537425876,0.5878377557,-0.2464131266,0.5278357863,0.5701692104,-0.2037421465,0.6129510403,0.6240684986,-0.1214930788,0.6294533014,0.6680160165,-0.224908635,0.541131258,0.6691496372,-0.1867217571,0.5212727785,0.6460779905,-0.1400668472,0.6151025891,0.6991053224,-0.1102524027,0.6159483194,0.7460334897,-0.1837988049,0.5492454171,0.7305851579,-0.1740252674,0.5276831985,0.7030935287,-0.1473217309,6
C:\Thesis\Hand Detection\Nahar\Sign 6\Image frames\Sign_6 - Frame (65).jpg,0.4641345739,0.6517107487,-0.0001051717481,0.4033051133,0.5283179879,-0.1197942421,0.4049243927,0.4211469889,-0.1980445236,0.4179113805,0.317369014,-0.2633802593,0.4260261059,0.2119488716,-0.3090873361,0.5902758241,0.4450160861,-0.1879070699,0.623468399,0.4781730771,-0.2358482331,0.5510534048,0.5097573996,-0.1868484318,0.5222789645,0.5110921264,-0.143787533,0.6216646433,0.5367274284,-0.1597562581,0.6332951784,0.5806857944,-0.2694702446,0.5468307137,0.5927095413,-0.2527281344,0.5302992463,0.5717396736,-0.2169083059,0.627869606,0.6269364357,-0.1376470327,0.6197619438,0.6724333763,-0.2315905988,0.5409977436,0.6665838957,-0.1939914227,0.5328618288,0.645136714,-0.1547570229,0.6274148226,0.7026120424,-0.127215147,0.6092755795,0.7481749058,-0.1915930659,0.54941082,0.7330369949,-0.1852219999,0.5383837819,0.7117166519,-0.1680570394,6
C:\Thesis\Hand Detection\Nahar\Sign 6\Image frames\Sign_6 - Frame (66).jpg,0.4644277692,0.6546440125,-0.0001268731867,0.4025983214,0.5268001556,-0.1235902831,0.4029656053,0.4120106101,-0.2009348422,0.4168741703,0.3023424149,-0.2628155351,0.4270094037,0.1940630972,-0.302436322,0.5884381533,0.4366669059,-0.192343235,0.6268564463,0.4688293338,-0.2385050356,0.5556885004,0.5037036538,-0.1808118224,0.5250903964,0.5071007609,-0.1327133477,0.6202985048,0.5295894146,-0.1615737379,0.6394677758,0.5712487102,-0.2749553919,0.5503442883,0.5864057541,-0.2575285435,0.5296845436,0.567363143,-0.2189215571,0.626967907,0.6207520962,-0.1364895552,0.6262846589,0.6689435244,-0.2333993614,0.5436215997,0.6650730371,-0.1929372251,0.5313614607,0.6418113112,-0.1500581354,0.6267152429,0.6983149648,-0.1229818016,0.6129181385,0.7452275753,-0.1919404417,0.5504947305,0.7292952538,-0.1856029481,0.5363456011,0.7059836984,-0.1672239751,6
C:\Thesis\Hand Detection\Nahar\Sign 6\Image frames\Sign_6 - Frame (67).jpg,0.4874854684,0.607653141,-9.38E-05,0.4189553261,0.4844664037,-0.1244290844,0.4157736897,0.3783066273,-0.204717651,0.4266247451,0.2767489552,-0.2687703073,0.4368854761,0.1730571687,-0.3080323935,0.5970059633,0.3948747516,-0.1928090602,0.6475198865,0.4129669368,-0.2534538805,0.576354146,0.4609108865,-0.2088792622,0.5393056273,0.4765339196,-0.1628531814,0.6319259405,0.4864364266,-0.1645117104,0.6616773605,0.520477891,-0.2870243788,0.5720958114,0.5450826883,-0.2722842097,0.5472852588,0.5306327343,-0.2305448949,0.6409406662,0.5754452944,-0.1424324811,0.6473610401,0.6244093776,-0.2471428066,0.5616541505,0.6294190288,-0.2077000588,0.5441850424,0.6090196967,-0.1628503352,0.6432363987,0.6514112353,-0.1337732077,0.6369368434,0.7038331032,-0.206571728,0.572273016,0.6950564384,-0.202339679,0.5523152351,0.6709432602,-0.1825997382,6
C:\Thesis\Hand Detection\Nahar\Sign 6\Image frames\Sign_6 - Frame (68).jpg,0.4720986485,0.6117200851,-8.11E-05,0.4100517035,0.4930117726,-0.1251333505,0.4121574461,0.386801064,-0.206781894,0.4282411933,0.285515815,-0.2728648484,0.4419131875,0.1850949228,-0.3150713444,0.6013908386,0.3932996988,-0.1889134943,0.6416540742,0.4274935126,-0.2366616279,0.5699825287,0.4700517356,-0.1815781444,0.5414975286,0.4735920429,-0.1342569143,0.6360290647,0.4810371697,-0.1590409875,0.6529256701,0.5279823542,-0.2708751559,0.5613119006,0.5497019887,-0.2498062402,0.5472175479,0.5300352573,-0.2053127289,0.6448975205,0.5701287389,-0.1364013553,0.6412189603,0.6268900633,-0.234271422,0.5553256273,0.6267088652,-0.1896267831,0.5452084541,0.6034275889,-0.1452721059,0.6461606026,0.649273634,-0.1264575422,0.6342319846,0.7037802935,-0.1949945092,0.5678824782,0.6916034818,-0.1910555065,0.5520597696,0.6685201526,-0.171522364,6
C:\Thesis\Hand Detection\Nahar\Sign 6\Image frames\Sign_6 - Frame (69).jpg,0.4739239216,0.6152695417,-9.32E-05,0.4121123552,0.4968486428,-0.130256176,0.415538162,0.3908349276,-0.211196363,0.4296277463,0.2899496853,-0.2756788731,0.4399926662,0.1867965758,-0.3158846796,0.5947355032,0.3992843032,-0.1840490252,0.6489504576,0.4232019186,-0.2393292487,0.5749648213,0.4654931426,-0.1902133077,0.5405999422,0.4708133936,-0.1418778449,0.6278192401,0.4875395596,-0.1528395265,0.6634812951,0.5238834023,-0.2711291611,0.5688079596,0.5483025908,-0.2515828311,0.5503640771,0.5289885998,-0.2036399543,0.6372668743,0.5755874515,-0.1302239597,0.6509605646,0.6223382354,-0.2378572524,0.5611257553,0.6258377433,-0.1963274181,0.5466522574,0.6039479375,-0.1482111067,0.6396792531,0.6514719725,-0.1204037741,0.64246732,0.701826632,-0.196317479,0.5747520924,0.6906564236,-0.1898449957,0.5558519363,0.666821301,-0.1653897911,6
C:\Thesis\Hand Detection\Nahar\Sign 6\Image frames\Sign_6 - Frame (70).jpg,0.4761867523,0.6154451966,-0.0001185863439,0.4107525945,0.4909917414,-0.1258863807,0.4116487205,0.3867961764,-0.2049085796,0.4259276986,0.286257863,-0.2671896815,0.4377132356,0.1831994951,-0.3036156893,0.5910323262,0.3980004489,-0.179491505,0.6515600681,0.4151051044,-0.2337572724,0.5799090862,0.4614413977,-0.1816496402,0.5432704687,0.4727929235,-0.130458653,0.6251086593,0.4873857796,-0.1500280201,0.6655433178,0.5176092982,-0.2693593204,0.5727359056,0.5433852673,-0.2521711886,0.5499437451,0.5275338292,-0.2049851269,0.6355657578,0.5755414367,-0.1274328679,0.6514388323,0.6215105653,-0.233479321,0.5616724491,0.6263207197,-0.1912495345,0.5435752869,0.6048539281,-0.1415244192,0.6395899653,0.6506531239,-0.1182094142,0.6399568319,0.7020508051,-0.1956462562,0.5713471174,0.6909710765,-0.1894016713,0.5494693518,0.6653865576,-0.1630007476,6
C:\Thesis\Hand Detection\Nahar\Sign 6\Image frames\Sign_6 - Frame (71).jpg,0.4742829204,0.6070606112,-0.0001065549077,0.4115409851,0.4937580824,-0.1300013065,0.4143148065,0.3874562681,-0.2155240178,0.4297470152,0.2855710387,-0.2858832479,0.4400905967,0.1838969886,-0.3387343287,0.6079805493,0.3913792074,-0.2065269798,0.6290794611,0.4387193918,-0.2521007061,0.5600358844,0.4763792455,-0.2015318722,0.5371766686,0.4733573496,-0.1606563926,0.6427305937,0.477466017,-0.173426941,0.6392566562,0.5377249718,-0.2744425833,0.5532863736,0.5549815893,-0.2524971962,0.5430801511,0.5306969285,-0.2153037637,0.6500312686,0.5670552254,-0.148288846,0.6309356093,0.6324490309,-0.23696509,0.551980257,0.6290702224,-0.2027099431,0.544531405,0.6030215025,-0.1694373935,0.6482242346,0.6465265751,-0.1357815564,0.6285324097,0.7040251493,-0.19598943,0.5671889186,0.6941657066,-0.1947088391,0.5536523461,0.6734098196,-0.1815727949,6
C:\Thesis\Hand Detection\Nahar\Sign 6\Image frames\Sign_6 - Frame (72).jpg,0.4713053703,0.6134907007,-6.77E-05,0.4075164199,0.495539546,-0.1236888021,0.4088798165,0.390483439,-0.2028312981,0.4249289632,0.2892684937,-0.2665506005,0.4386188388,0.1874367297,-0.3062505424,0.5896462798,0.3962385058,-0.1768140644,0.6468527317,0.4198285341,-0.2266537696,0.5766031146,0.4651272893,-0.1753165424,0.5424298048,0.4734336734,-0.1266997159,0.6244353652,0.4829130769,-0.1476089507,0.6584194303,0.5194690228,-0.260091126,0.5663284063,0.545262754,-0.2426588684,0.5462168455,0.5277602673,-0.1974167973,0.635358274,0.5694078803,-0.1256057471,0.6453137398,0.6200224161,-0.2243738919,0.5579545498,0.623883605,-0.1828433424,0.542709589,0.6012749672,-0.1367280483,0.6395174265,0.6447997093,-0.1163127795,0.6360573173,0.6971239448,-0.1881238371,0.5688081384,0.6859354377,-0.182951659,0.5496811867,0.6614292264,-0.1594475061,6
C:\Thesis\Hand Detection\Nahar\Sign 6\Image frames\Sign_6 - Frame (73).jpg,0.4664130509,0.5938199759,-9.38E-05,0.4060019255,0.4845690727,-0.1297845989,0.4075986743,0.3836426139,-0.212532565,0.4208465219,0.2835368216,-0.2795062363,0.426230222,0.1811278909,-0.331446141,0.5879391432,0.3986309171,-0.1964999586,0.6279825568,0.4256804287,-0.2581631839,0.559648633,0.4622588754,-0.219876036,0.531370461,0.4644804597,-0.1787427962,0.62354213,0.4824807048,-0.1628252417,0.6370462179,0.5160720348,-0.2739891112,0.5515139103,0.5385591388,-0.2593242228,0.5398446321,0.5173193812,-0.2189694047,0.6329650879,0.5681860447,-0.1372988373,0.6285757422,0.6102068424,-0.2376157641,0.5515264273,0.6111118197,-0.2031126618,0.5448445082,0.5868688822,-0.1595006734,0.6329392195,0.6408577561,-0.1225191355,0.6187809706,0.6870875955,-0.1921222806,0.560774684,0.6758651137,-0.18421866,0.5515633821,0.6541208625,-0.1573001593,6
C:\Thesis\Hand Detection\Nahar\Sign 6\Image frames\Sign_6 - Frame (74).jpg,0.4673784375,0.5925955772,-6.57E-05,0.404648155,0.4829455912,-0.1290506721,0.4049845934,0.3851827383,-0.2162473649,0.4178847075,0.2899711132,-0.2887680531,0.4254784584,0.1905485541,-0.3463759422,0.5878072977,0.3927880824,-0.1979135424,0.6209723353,0.4216823578,-0.2663608491,0.5535675287,0.4591814578,-0.2436270863,0.526018858,0.4637986422,-0.2140665501,0.6247293353,0.4763061404,-0.1679130644,0.6323130131,0.5190195441,-0.283059746,0.5478050113,0.5393689275,-0.2740400136,0.5330640674,0.5174663067,-0.239050284,0.6342490911,0.5617989898,-0.1460750699,0.6240788102,0.6132541299,-0.2480468452,0.5467554331,0.6147693992,-0.217453301,0.5358499885,0.5907645226,-0.1793140322,0.6345983744,0.6367841959,-0.135890305,0.6182727218,0.6862610579,-0.2057389617,0.5582895875,0.6792858839,-0.2018525749,0.5429941416,0.6591886878,-0.1808949411,6
C:\Thesis\Hand Detection\Nahar\Sign 6\Image frames\Sign_6 - Frame (75).jpg,0.4630422592,0.5959003568,-0.0001386507793,0.4028892219,0.4888932109,-0.1261098981,0.4046168327,0.3865067065,-0.2099526823,0.4167578816,0.2878481746,-0.2775816321,0.4234383404,0.1915985197,-0.3302225471,0.5955179334,0.3878005743,-0.2000977397,0.6154304743,0.4277373552,-0.2518090308,0.5480026007,0.4650262594,-0.2117738724,0.5247884393,0.4623923898,-0.1771908551,0.6307548285,0.4712229371,-0.1673936397,0.6250015497,0.5224488378,-0.2661028802,0.5420389175,0.5427636504,-0.2455670238,0.5328322649,0.5200084448,-0.209393546,0.6382074952,0.5579296947,-0.1418415904,0.6188892722,0.6154136658,-0.2288707793,0.5425007939,0.6150208712,-0.194570154,0.534686625,0.5912505984,-0.1608342826,0.6358751655,0.6343589425,-0.1285148412,0.6172968745,0.6879636645,-0.1870864481,0.5572940111,0.6799967289,-0.1840456128,0.543540597,0.660544157,-0.1689739078,6
C:\Thesis\Hand Detection\Nahar\Sign 6\Image frames\Sign_6 - Frame (76).jpg,0.4574362338,0.6030373573,-0.000156995724,0.3986266553,0.4944924414,-0.127211228,0.4011736512,0.3901069462,-0.2092238218,0.4149441123,0.2888214886,-0.2752006054,0.4243172407,0.188691467,-0.3250155449,0.5933687687,0.3897685111,-0.1972368956,0.6174685359,0.4275835156,-0.2455026656,0.5498281121,0.4670110345,-0.1990681887,0.5264751911,0.4664830863,-0.1608622223,0.6287619472,0.4726778567,-0.1625789106,0.6252177954,0.5225460529,-0.2598769069,0.5412647724,0.5450021029,-0.2387856543,0.5324313045,0.5250163078,-0.2011940181,0.6363309622,0.5598735809,-0.1347338706,0.6183149815,0.6137366295,-0.2219664454,0.5418657064,0.6148417592,-0.1858512908,0.535025835,0.5935925245,-0.1503040642,0.6344373822,0.6370370984,-0.1192431524,0.616199851,0.6875898242,-0.1792208999,0.5565105677,0.6784810424,-0.1747970283,0.5442721844,0.6590714455,-0.1575313061,6
C:\Thesis\Hand Detection\Nahar\Sign 6\Image frames\Sign_6 - Frame (77).jpg,0.4533168972,0.604098022,-0.0001167369992,0.3954781592,0.4962052107,-0.1404630393,0.3996230364,0.3955312073,-0.2242140174,0.4150111079,0.2979307175,-0.2918110192,0.4219326675,0.1943032146,-0.342969656,0.5865123868,0.3939735293,-0.1834197789,0.6287267208,0.4249061346,-0.2525396347,0.5590927601,0.4704341292,-0.2199586928,0.5285562873,0.4769568741,-0.1772143543,0.6222545505,0.4762797952,-0.1447479725,0.6382274032,0.5135051012,-0.2589607835,0.5471876264,0.5439216495,-0.2472752333,0.5327087641,0.524148643,-0.2037978619,0.6317616105,0.5609971285,-0.1177582443,0.6291931868,0.6071750522,-0.2231245935,0.5464451909,0.6153942347,-0.1937404722,0.5349960327,0.5933877826,-0.1479582191,0.630408287,0.6355725527,-0.1027604192,0.6215255857,0.6830263138,-0.175669238,0.5592585206,0.6757721305,-0.1706853211,0.5447871089,0.6551206112,-0.1415261924,6
C:\Thesis\Hand Detection\Nahar\Sign 6\Image frames\Sign_6 - Frame (78).jpg,0.4607032537,0.6001033187,-9.87E-05,0.3966809809,0.4901948273,-0.1363036633,0.3995609879,0.3860200346,-0.220754981,0.4142463803,0.2879931927,-0.2888098359,0.4237941504,0.1852068156,-0.3369526267,0.5833450556,0.3869993091,-0.1927856803,0.6269905567,0.4188947678,-0.2549080551,0.5558279157,0.4619380236,-0.2171929926,0.5240013599,0.46700266,-0.1759786755,0.6185785532,0.4732037783,-0.1589006186,0.6404408813,0.5166887045,-0.2738314867,0.5494790077,0.5423878431,-0.2598229051,0.5314401388,0.522151649,-0.2203355283,0.628235817,0.5602949262,-0.1354051232,0.6288751364,0.6152617931,-0.2396103442,0.5441734195,0.6204736233,-0.2074619979,0.5299522877,0.5966820717,-0.1681090444,0.6291052699,0.6361459494,-0.1246169806,0.6222691536,0.6889033318,-0.1966793239,0.5582689643,0.6819397211,-0.1944679618,0.5406714678,0.6597208977,-0.1754052639,6
C:\Thesis\Hand Detection\Nahar\Sign 6\Image frames\Sign_6 - Frame (79).jpg,0.4681872129,0.5892246962,-6.04E-05,0.4036512971,0.4777580798,-0.1306965947,0.4018712938,0.3807215691,-0.2183198035,0.4133774042,0.2882602215,-0.2920780182,0.4212670922,0.1909435689,-0.3494731486,0.5877687335,0.3865958154,-0.2071569115,0.6117640138,0.429402113,-0.2705368102,0.5465467572,0.4655812085,-0.2413790226,0.5221886635,0.4675268531,-0.209336713,0.6241050363,0.4704206884,-0.1758053899,0.6205284595,0.527897656,-0.2854677737,0.539234519,0.542874217,-0.2709571123,0.526750803,0.517529726,-0.235047847,0.6325724125,0.5571012497,-0.1533555835,0.6138749123,0.621660471,-0.2481927276,0.5395735502,0.6179220676,-0.2149398625,0.5302119851,0.5903885365,-0.1782497019,0.6315894127,0.6337773204,-0.1429516673,0.6122378707,0.6903078556,-0.2081381083,0.5549470186,0.6821392775,-0.2058583647,0.5402114391,0.6611840725,-0.1886380464,6
C:\Thesis\Hand Detection\Nahar\Sign 6\Image frames\Sign_6 - Frame (80).jpg,0.4722377658,0.5833509564,-7.60E-05,0.4063142538,0.4749445617,-0.131815061,0.4026321173,0.379674226,-0.2260011137,0.4130931497,0.2897834778,-0.3050352931,0.4192837477,0.1977103353,-0.3718058169,0.5889238119,0.3815996647,-0.2407872379,0.5947703719,0.43308267,-0.3002516925,0.5337863564,0.4626783729,-0.2680176198,0.5176361799,0.4572583139,-0.2400847375,0.6280199289,0.4654616117,-0.2105198801,0.6014226675,0.5342386365,-0.3184339106,0.5265299082,0.542963624,-0.2988724113,0.5223653913,0.5150782466,-0.2663555443,0.6361183524,0.5532575846,-0.1867335886,0.5997047424,0.6251111031,-0.2754343152,0.5316640139,0.6144670844,-0.2388308048,0.52987957,0.5847471952,-0.2062164396,0.6346600652,0.6310956478,-0.1755111516,0.6014402509,0.6899958849,-0.238301903,0.547831893,0.6799776554,-0.2363079339,0.5392789245,0.6599923372,-0.2226361185,6
C:\Thesis\Hand Detection\Nahar\Sign 6\Image frames\Sign_6 - Frame (81).jpg,0.4549102783,0.5889418125,-8.86E-05,0.3923258185,0.4838147759,-0.1293601096,0.3930017054,0.3833879232,-0.2157395333,0.4055579901,0.2883702517,-0.2854856253,0.4129419327,0.1933899969,-0.3419179022,0.5856441259,0.3798652291,-0.2164920568,0.5981364846,0.4308294356,-0.2718402445,0.5334293246,0.4661518633,-0.2375052273,0.5128684044,0.46079427,-0.2085099369,0.6231065392,0.4625700712,-0.1835616976,0.6070514321,0.5274352431,-0.2858734429,0.5273170471,0.5440822244,-0.2674571872,0.519298315,0.5188360214,-0.235975951,0.6312772036,0.5505094528,-0.1576375812,0.6035318971,0.6189541221,-0.2462470829,0.5302157998,0.6156238317,-0.2142502069,0.5234445333,0.5900452137,-0.1836214066,0.6292892694,0.6289282441,-0.1443214864,0.6058481336,0.6873098612,-0.2050807923,0.5481309891,0.6801116467,-0.2050378174,0.5351939201,0.6608493328,-0.1938717961,6
C:\Thesis\Hand Detection\Nahar\Sign 6\Image frames\Sign_6 - Frame (82).jpg,0.4489246607,0.5863776207,-7.80E-05,0.3875069618,0.4770816863,-0.1351967305,0.3886416554,0.3808739483,-0.2242832929,0.4020221233,0.289790988,-0.2985013425,0.4119560122,0.1939787269,-0.3574694693,0.5815249085,0.3780226111,-0.2103504092,0.5983969569,0.4227316976,-0.2725156546,0.5317703485,0.461692661,-0.2417052388,0.50848943,0.464206785,-0.2083629966,0.6186305881,0.4599994421,-0.1755190045,0.6052865982,0.5214633346,-0.2842305303,0.5225998163,0.5398691893,-0.2680171728,0.5122625828,0.5175055265,-0.231218785,0.6263434887,0.5472199917,-0.1504398733,0.5984893441,0.6133739948,-0.244279176,0.5234162807,0.6120901108,-0.2115786523,0.5151021481,0.5882956982,-0.1772251427,0.6242426038,0.6259823442,-0.137976706,0.6007971764,0.6823880672,-0.2019039989,0.5425206423,0.6753854752,-0.2022698373,0.5281149149,0.6564633846,-0.187916711,6
C:\Thesis\Hand Detection\Nahar\Sign 6\Image frames\Sign_6 - Frame (83).jpg,0.4511724412,0.6004580855,-9.43E-05,0.384663254,0.4895885587,-0.1139545292,0.3814272285,0.3913502097,-0.1896675378,0.390450865,0.2963347733,-0.25018543,0.3988332152,0.2007346153,-0.2881543934,0.5496171117,0.3924871683,-0.1749710143,0.5990744829,0.4095401168,-0.2275888771,0.5336161256,0.4538780749,-0.185971424,0.5012972355,0.4649617672,-0.1449348629,0.5848699808,0.47483778,-0.149082154,0.615299046,0.5068247914,-0.2578457892,0.5318710208,0.5330045223,-0.2416983396,0.511821866,0.5175310373,-0.2033672482,0.5968223214,0.5579373837,-0.1285019666,0.6066040397,0.6019028425,-0.2221544981,0.5267708898,0.6098411083,-0.1807408929,0.5120072365,0.5907270908,-0.1389310956,0.6018169522,0.6288597584,-0.1201903075,0.6001184583,0.678396821,-0.1854929775,0.5391849279,0.6728066206,-0.178066656,0.5206388831,0.6514276266,-0.1572152525,6
C:\Thesis\Hand Detection\Nahar\Sign 6\Image frames\Sign_6 - Frame (84).jpg,0.4414910078,0.6033642888,-0.0001080073416,0.38013345,0.4966818988,-0.1214494258,0.3809686601,0.3955796063,-0.1974978298,0.3929345906,0.2976333797,-0.2586079538,0.3972201347,0.1993595362,-0.301485002,0.5542000532,0.3980902731,-0.1821240038,0.5931593776,0.4258106947,-0.229947418,0.5276061893,0.4653231502,-0.1866781563,0.5011751652,0.4681242406,-0.1489656121,0.588925302,0.4797821641,-0.1523175538,0.6058959365,0.5198110342,-0.2528055608,0.5232061744,0.5434582829,-0.2365994304,0.5088906884,0.5234596729,-0.2024526447,0.5994313359,0.5637613535,-0.129468888,0.5976513028,0.6123424172,-0.2203024924,0.5205306411,0.6186020374,-0.1863924563,0.5101131797,0.5975244641,-0.1515673995,0.6021941304,0.6362833381,-0.1185940132,0.5928047895,0.6855267286,-0.1812366694,0.5339282155,0.6804159284,-0.1767355949,0.5194690824,0.6613226533,-0.1594789773,6
C:\Thesis\Hand Detection\Nahar\Sign 6\Image frames\Sign_6 - Frame (85).jpg,0.4304587245,0.6235640049,-0.0001697336411,0.3734086156,0.5138076544,-0.1143802181,0.3775865436,0.4064004421,-0.1818580776,0.3897598982,0.3040457368,-0.2343500406,0.3954171836,0.2021074146,-0.2664491832,0.5439481735,0.411967814,-0.1536071599,0.598726213,0.4214747548,-0.2006011754,0.5330922604,0.4690714777,-0.159779653,0.4993868172,0.4805504382,-0.1196684837,0.5773564577,0.4962099791,-0.1249977425,0.6189413071,0.5100346804,-0.2219797224,0.5341230631,0.5450078249,-0.2096450627,0.5118712187,0.5348796844,-0.1737643778,0.5893865228,0.5785005093,-0.1021635756,0.6104883552,0.6055861712,-0.1927480698,0.528734684,0.6197877526,-0.1653917879,0.5101240873,0.604485333,-0.1259913445,0.5924781561,0.6498215199,-0.09121230245,0.5989980102,0.6868366003,-0.1526452303,0.5366479158,0.6823520064,-0.1463181078,0.5158231258,0.6622160077,-0.1232999042,6
C:\Thesis\Hand Detection\Nahar\Sign 6\Image frames\Sign_6 - Frame (86).jpg,0.4875473678,0.7708544731,-0.0001270616194,0.5193754435,0.589885354,0.02560314164,0.4795411825,0.452632308,0.01623371802,0.4289628267,0.3506228328,0.01206537988,0.3909222484,0.2673953176,0.001654110267,0.3173698783,0.5457009673,-0.04298141971,0.3269551992,0.5052554011,0.04042016342,0.3742359877,0.5327382088,0.0774603188,0.3977979422,0.5609067082,0.0712300837,0.2839193344,0.6396090388,-0.03781653196,0.3026432097,0.5856668353,0.05814180523,0.3460978866,0.599655509,0.08658136427,0.3739920855,0.6315111518,0.07537837327,0.2753472924,0.7291802168,-0.01596691646,0.2956298292,0.6739808321,0.09220065922,0.3360029757,0.678012073,0.09766436368,0.3576176465,0.6982766986,0.06763187796,0.2774491906,0.8016040325,0.01293458417,0.2813480496,0.7493561506,0.08808165044,0.3169217408,0.7428026199,0.1007455885,0.3389891386,0.7533202171,0.0857231766,6
C:\Thesis\Hand Detection\Nahar\Sign 6\Image frames\Sign_6 - Frame (87).jpg,0.4877215624,0.772275269,-0.0001477135957,0.5199439526,0.5955802202,0.02872613817,0.4833418131,0.4584171772,0.01349059865,0.4349045753,0.3540303111,0.0009334242204,0.3955848515,0.272072196,-0.01976365596,0.3204377294,0.5476642847,-0.04089078307,0.327614665,0.5144292116,0.0408947058,0.3705260456,0.5393515229,0.07366991788,0.393629998,0.5633639693,0.06363659352,0.2863037288,0.6400440931,-0.04268141091,0.3064521253,0.5920096636,0.04949350655,0.3471882045,0.6084848642,0.07339836657,0.3738240004,0.6394786835,0.05971468985,0.276922822,0.7291605473,-0.02807907574,0.2978444099,0.6774016023,0.07720082253,0.3355717659,0.6846181154,0.0777900368,0.3560943604,0.7051579952,0.04371323809,0.2777515948,0.8022894859,-0.00574865425,0.2800179124,0.7556723952,0.06330278516,0.3133473992,0.7524088025,0.07029876113,0.3345670402,0.7636291981,0.05142188072,6
C:\Thesis\Hand Detection\Nahar\Sign 6\Image frames\Sign_6 - Frame (88).jpg,0.490113318,0.7832951546,-0.0001466366521,0.5227673054,0.600394845,0.02195675299,0.4811322689,0.4596195817,0.00924504362,0.4298377633,0.3532913625,0.002604775364,0.3922077119,0.2672510147,-0.01124011725,0.3206335604,0.5520197749,-0.05261759833,0.3317577243,0.5041077137,0.02719776519,0.3786914349,0.5322899222,0.06208850071,0.4003472626,0.5611963272,0.05414990708,0.2869643569,0.6452665925,-0.04815885052,0.3085277379,0.5847938061,0.04274079204,0.3518458009,0.6007134318,0.06904493272,0.3800114393,0.6343282461,0.05607515946,0.2782252133,0.7335379124,-0.02643856779,0.3008615077,0.6737108827,0.07595153153,0.3413839936,0.6790661812,0.08038888872,0.3632590771,0.7009307146,0.051009316,0.279825002,0.8029130697,0.0014410289,0.2853057981,0.7491389513,0.0703041926,0.3217184544,0.7444938421,0.0808242783,0.344765842,0.755818069,0.06422392279,6
C:\Thesis\Hand Detection\Nahar\Sign 6\Image frames\Sign_6 - Frame (89).jpg,0.4971524477,0.7771049142,-0.0001091487502,0.5283923745,0.6079608202,0.02564226091,0.4904887676,0.4682224691,0.005122825038,0.4435307086,0.3595415354,-0.0157716237,0.4111306667,0.2656404078,-0.04901221395,0.3296090066,0.5499941707,-0.04875582457,0.3407780528,0.5281449556,0.02972911298,0.382222265,0.5567943454,0.06554783136,0.4015429616,0.5794215798,0.0573246032,0.2935325503,0.6415693164,-0.05299737304,0.3179760873,0.6023481488,0.03071039356,0.3574716449,0.6210260987,0.05026098341,0.3817592859,0.6512702703,0.03772259876,0.2824087143,0.7309949398,-0.0423835814,0.3098993003,0.6856350303,0.05595272407,0.3460238576,0.694847405,0.05658812076,0.3628098667,0.7148679495,0.02286949754,0.2826063633,0.8058204651,-0.02363159694,0.2902595103,0.7618532777,0.0427118279,0.3235760629,0.7608320117,0.04946531355,0.3416230977,0.772446394,0.03076913394,6
C:\Thesis\Hand Detection\Nahar\Sign 6\Image frames\Sign_6 - Frame (90).jpg,0.4936313033,0.7884256244,-0.0001090048318,0.5285227895,0.6056519747,0.0281768851,0.4948355556,0.4643373489,0.01586667076,0.462245822,0.3568561375,0.001585259684,0.4465341568,0.2546112537,-0.02676212974,0.3419464827,0.5412685871,-0.03984446824,0.3456775546,0.524068892,0.01710768789,0.3877134919,0.5543895364,0.04437724501,0.4124376774,0.5778486133,0.04126094654,0.3081784844,0.6383391023,-0.04478100315,0.3281143308,0.6020642519,0.03715139255,0.3663252592,0.6206789017,0.05934706703,0.3911421299,0.6472158432,0.04908863083,0.2949718833,0.7288459539,-0.03510926664,0.3139406443,0.6820174456,0.05638283491,0.3501468003,0.69171381,0.06106992811,0.3721448183,0.7113942504,0.0374201946,0.2919858694,0.8052693605,-0.01960253157,0.2888597846,0.7576963902,0.04047319666,0.3206921816,0.7575045228,0.05268792808,0.3428272307,0.7704114914,0.04072641209,6
C:\Thesis\Hand Detection\Nahar\Sign 6\Image frames\Sign_6 - Frame (91).jpg,0.4998975992,0.7639837265,-8.10E-05,0.5326920152,0.5970715284,0.03404052556,0.5003009439,0.460435003,0.02092735097,0.4717975259,0.3507521451,0.002731301356,0.4714353383,0.2475066483,-0.03445962444,0.3424814343,0.5308132768,-0.02275549434,0.3541825712,0.5220927,0.04325637594,0.3962776363,0.5534783602,0.06968403608,0.4202932119,0.578400135,0.06101301312,0.303014338,0.6214003563,-0.03083409555,0.3350306749,0.5931038857,0.05702911317,0.3729948401,0.6125905514,0.07603915781,0.3990371823,0.6409680247,0.06486564875,0.289686203,0.7079319954,-0.02401473373,0.3214912415,0.6717497706,0.07564771175,0.3581393361,0.6823930144,0.08470050246,0.3776834011,0.6994016767,0.06218240038,0.2883522213,0.7822371721,-0.01105932333,0.3017394841,0.7406825423,0.05545738339,0.3375914097,0.7434164286,0.07079479098,0.3590591252,0.7570453882,0.06098011881,6
C:\Thesis\Hand Detection\Nahar\Sign 6\Image frames\Sign_6 - Frame (92).jpg,0.507866621,0.782813549,-8.12E-05,0.5327194333,0.6050920486,0.0282526724,0.4993489385,0.4694262743,0.0127387885,0.4668805003,0.3623690605,-0.01022551022,0.466714412,0.2521445751,-0.05410820246,0.3369810879,0.5326579809,-0.01037475187,0.3581120372,0.5193166137,0.06089660898,0.3991368413,0.5477026701,0.08044926822,0.4180505574,0.57441926,0.06563843042,0.297023505,0.6229864359,-0.01242517494,0.3386666775,0.5901224017,0.08871418238,0.3748425841,0.6082100868,0.1026095301,0.3970170617,0.6452280283,0.0880150497,0.2856134176,0.7098098993,-0.003448169446,0.3228859007,0.6714662313,0.1042976975,0.3603861034,0.6782912612,0.1069306806,0.3786559105,0.6998651028,0.07538894564,0.2895846069,0.7850196958,0.01188977156,0.3034736514,0.7400999069,0.08447436243,0.3403331041,0.7395346165,0.09618353099,0.3623406589,0.7559669018,0.08591671288,6
C:\Thesis\Hand Detection\Nahar\Sign 6\Image frames\Sign_6 - Frame (93).jpg,0.4998435974,0.7649664879,-6.86E-05,0.5300879478,0.6013952494,0.03589816019,0.4962425828,0.465544343,0.02327806316,0.4695970416,0.3556226492,0.004151400179,0.4722285867,0.2505527437,-0.0392710194,0.3412318826,0.5326808691,-0.01936273091,0.3634993434,0.5284546018,0.05026259273,0.4067240953,0.5619492531,0.07136383653,0.4278073013,0.5874570012,0.05716979504,0.3025066257,0.6236894131,-0.02716618963,0.3401085436,0.6005561352,0.06533293426,0.3799566925,0.6212207675,0.08185373992,0.4056734443,0.6510717273,0.06890895218,0.2904247344,0.7112759352,-0.02061745897,0.3245904744,0.6803894043,0.08011157066,0.364027679,0.6915553808,0.08327993006,0.3833641708,0.7087624669,0.0568183139,0.2916739583,0.7855805159,-0.006960660219,0.3068658412,0.7475508451,0.06271988153,0.3451395929,0.7508411407,0.07732968032,0.3671391606,0.7649717927,0.06661766768,6
C:\Thesis\Hand Detection\Nahar\Sign 6\Image frames\Sign_6 - Frame (94).jpg,0.4976288676,0.7742546797,-9.29E-05,0.5285038352,0.6037582159,0.0403408967,0.4962398708,0.4660968482,0.0332897529,0.4689529538,0.3548097014,0.02087383531,0.469976306,0.2530808747,-0.01245091297,0.3438566625,0.5340368748,-0.008285265416,0.3585659862,0.5251217484,0.06167168543,0.4006021619,0.5563787222,0.08548467606,0.4244867563,0.5807059407,0.07349150628,0.3047294319,0.6253260374,-0.01893409528,0.3359983265,0.5966475606,0.07030253112,0.373677969,0.6169136167,0.0839857161,0.3993401229,0.6452006102,0.06895791739,0.2906270325,0.7133184671,-0.01407556795,0.3201455474,0.6768202186,0.08535914868,0.3575323224,0.6869736314,0.09089069813,0.377918601,0.7041397691,0.06578279287,0.2880520821,0.7896419168,-0.002382572507,0.2983579338,0.746737957,0.06345757842,0.3333160281,0.7480319738,0.07802888006,0.3550350666,0.7610778809,0.0670601353,6
C:\Thesis\Hand Detection\Nahar\Sign 6\Image frames\Sign_6 - Frame (95).jpg,0.4948846102,0.7674145103,-6.37E-05,0.5279896259,0.6021171212,0.02938760817,0.4945920706,0.4695189595,0.01572026126,0.4688820243,0.3604057431,-0.001170995529,0.4713555872,0.2570132613,-0.04100590199,0.3388386071,0.5363032818,-0.02624678239,0.3643010557,0.5253386497,0.0463822782,0.4076187015,0.5587642789,0.06998408586,0.4283106923,0.58806777,0.05659011751,0.3004644215,0.6251111031,-0.02741730772,0.339726299,0.5989781022,0.07046866417,0.3811783195,0.6203169227,0.09019015729,0.408822,0.6521342993,0.07741966099,0.2884843349,0.7116823792,-0.01428061817,0.3248823285,0.6790515184,0.08877388388,0.3650566339,0.690608263,0.09032166004,0.3846551776,0.7089178562,0.06215917692,0.2902370989,0.7839267254,0.006090725772,0.3071088791,0.7445074916,0.07524882257,0.3451091647,0.7469895482,0.08922401071,0.3672369421,0.7619797587,0.07757159323,6
C:\Thesis\Hand Detection\Nahar\Sign 6\Image frames\Sign_6 - Frame (96).jpg,0.4970270097,0.7810463905,-0.0001089176294,0.531087935,0.6061197519,0.03381939232,0.4970204234,0.4674391747,0.02709516883,0.473123461,0.3572372198,0.01714251935,0.4744335413,0.2536096871,-0.01128916256,0.3439352512,0.5374817848,-0.02179678716,0.3527803123,0.5267226696,0.03794374317,0.3942976594,0.5578007698,0.06023704633,0.4206649065,0.581151247,0.05155800283,0.309099108,0.6323420405,-0.02742557228,0.3320010602,0.603491962,0.05740780756,0.3725593984,0.6228339672,0.07786313444,0.399212718,0.6471931934,0.06854804605,0.298180759,0.7218769193,-0.01899053343,0.3228798509,0.6821264625,0.0742745921,0.3621538877,0.693020165,0.08305060118,0.3827832937,0.7100272179,0.06307940185,0.2985455394,0.798345089,-0.003440190107,0.3084445894,0.7544712424,0.05612451583,0.344471395,0.7558951378,0.07289590687,0.3659771383,0.7690467238,0.06694500893,6
C:\Thesis\Hand Detection\Nahar\Sign 6\Image frames\Sign_6 - Frame (97).jpg,0.4976825714,0.7716939449,-7.00E-05,0.5331786275,0.6084082127,0.02137055993,0.4989893436,0.4739114344,0.001585815102,0.4765675068,0.3618170619,-0.01723240688,0.4844770432,0.2551790774,-0.05665346608,0.3467004895,0.5440037251,-0.04954221472,0.3610366583,0.5243329406,0.01040502172,0.4018113613,0.556892693,0.03970408067,0.425820142,0.58381778,0.03381129727,0.3087083399,0.633670032,-0.04803454876,0.3379461169,0.5975749493,0.0313854143,0.3776038885,0.6176573634,0.05826337263,0.4041743279,0.6461564898,0.05146824569,0.2966204286,0.7185765505,-0.03298023716,0.3278986216,0.6757603884,0.05892227218,0.3650593758,0.6876688004,0.06640917808,0.3832201958,0.7054836154,0.04460732639,0.2979066074,0.7900698185,-0.01084677037,0.311091125,0.7482124567,0.04949047789,0.3460565209,0.7509096861,0.06431989372,0.3665872216,0.7641837597,0.05360591039,6
C:\Thesis\Hand Detection\Nahar\Sign 6\Image frames\Sign_6 - Frame (98).jpg,0.5052197576,0.7734001279,-4.33E-05,0.536007762,0.6063798666,0.0301891081,0.5014213324,0.4714565873,0.0151589727,0.474722296,0.3653532863,-0.004571403842,0.4821756184,0.2592343986,-0.0470446907,0.3405847251,0.5324854851,-0.01980224438,0.3610297143,0.5284168124,0.05642162636,0.4026155174,0.5571565628,0.08380370587,0.422355026,0.5806733966,0.06865929812,0.3009422421,0.6246283054,-0.02411192469,0.3370898068,0.5969070792,0.07150616497,0.3738562763,0.6140530705,0.08928102255,0.3956864178,0.6463306546,0.07647228986,0.2893024385,0.711943686,-0.01649542153,0.3232412636,0.6758627892,0.08828307688,0.3604044914,0.6855836511,0.09296425432,0.3764727116,0.7041473389,0.06424758583,0.2926488519,0.7891039848,-0.003199844388,0.3064908385,0.7472313643,0.06746160984,0.3433986604,0.7510781884,0.082590729,0.3632955849,0.7668523192,0.07178074121,6
C:\Thesis\Hand Detection\Nahar\Sign 6\Image frames\Sign_6 - Frame (99).jpg,0.5013666153,0.75211519,-9.33E-05,0.5333957076,0.5888559222,0.03800107911,0.503441155,0.4511122108,0.0263754148,0.4743675292,0.3430813551,0.006650872994,0.4654522836,0.2428354621,-0.03201236948,0.3494237363,0.5207625031,-0.01913590357,0.3749166727,0.5161890388,0.05049867928,0.4147398472,0.5466476083,0.07715515047,0.4324395061,0.5700361133,0.06771501899,0.310682565,0.6104363799,-0.02847468853,0.3500602543,0.5909622908,0.06596887112,0.387917757,0.6107005477,0.08866892755,0.4124962389,0.6396844983,0.07864031941,0.2977854311,0.6959542036,-0.02386179753,0.331911087,0.6676502824,0.07817460597,0.3684002459,0.6787521839,0.08504483104,0.3866677284,0.6963840723,0.06013710797,0.2976071835,0.7686476707,-0.01236729976,0.3086563945,0.7345495224,0.05651278421,0.3435244262,0.737036109,0.06901068985,0.3645418286,0.7502430677,0.05742264539,6
C:\Thesis\Hand Detection\Nahar\Sign 6\Image frames\Sign_6 - Frame (100).jpg,0.4996173382,0.762968421,-4.69E-05,0.5353006124,0.5970847011,0.02850632928,0.5021993518,0.4586802423,0.02090417221,0.468624115,0.3553469181,0.007835682482,0.464089036,0.2548113465,-0.0298410356,0.3446239531,0.5166777968,-0.00477658445,0.3758939505,0.5167667866,0.07348488271,0.4157976508,0.5540912151,0.08776284009,0.4328764975,0.5838904381,0.06729950011,0.3057271838,0.6050310731,-0.003323206911,0.3468770385,0.5850608349,0.09962554276,0.38446486,0.6092075109,0.1070904285,0.4089612663,0.6455129385,0.0886760205,0.2937164903,0.693328321,0.01004330814,0.3303803802,0.6659162045,0.1145918965,0.3703305125,0.6804335117,0.1039725393,0.3891377151,0.7020100355,0.06667171419,0.2966432571,0.7679188251,0.03238939121,0.3121896088,0.7283653021,0.1038470864,0.3490394056,0.7301113605,0.1147730798,0.3706546724,0.7464280128,0.1049492583,6